"","id","median_comment_length","mean_comment_length","number_of_runs","days_in_database","number_of_platforms_played_on","fraction_of_runs_played_on_emulated","number_unique_players","fraction_runs_by_unique_players","run_production_rate"
"1","2685e76p824xg7ndgame-level","64","102.057142857143","45","2404","3","0","44","0.977777777777778","0.0187188019966722"
"2","2685e76pmke0e8d6game-level","45","79.3090909090909","137","2504.04166666667","4","0","135","0.985401459854015","0.0547115496613808"
"3","2689591prklr48kngame-level","66.5","86.2459677419355","742","3155","2","0","741","0.998652291105121","0.235182250396197"
"4","2689591pwk6vyeedgame-level","85","181.789473684211","26","966.041666666667","1","0","26","1","0.0269139529868449"
"5","268ekxy6n2y7rvz2game-level","27.5","50.0515151515152","797","1086","4","0","789","0.989962358845671","0.733885819521179"
"6","268erm76vdoxgl9dgame-level","84","100.1","11","375","1","0","11","1","0.0293333333333333"
"7","268ex4o6w20ylqjkgame-level","37","93.9642857142857","82","1234.95833333333","3","0","43","0.524390243902439","0.0663990013158339"
"8","268n096pq25onggkgame-level","73","75.375","46","2217","3","0","46","1","0.0207487595850248"
"9","268q8o6p9kvo38j2game-level","21","33.9058823529412","192","835.958333333333","2","0.0208333333333333","192","1","0.229676518965259"
"10","268wlo6pxd13oxrkgame-level","98","132.578947368421","23","1366.04166666667","1","0","23","1","0.0168369681256672"
"11","29d30dlpjzd3y2nqgame-level","38","66.3636363636364","78","3133","3","0","78","1","0.024896265560166"
"12","29d30dlpl9kvjkgqgame-level","44","87.4615384615385","62","3338.95833333333","2","0","62","1","0.018568665377176"
"13","29d30dlpnxd1rk8qgame-level","46","70.455938697318","371","5141","5","0","371","1","0.0721649484536082"
"14","3698ngdlrklrw6kngame-level","50","67.5531914893617","60","2668.95833333333","1","0","60","1","0.0224806806650535"
"15","369p9l1l7kjzj3d3game-level","38","61.8771929824561","79","3047.95833333333","2","0.0126582278481013","79","1","0.0259189894874985"
"16","369pky817kj8o5gdgame-level","47","72.6","31","1559.95833333333","7","0.0645161290322581","31","1","0.0198723256497236"
"17","369pky819kv6l382game-level","65","77.1875","53","501.958333333333","8","0.169811320754717","53","1","0.105586453058853"
"18","369pky81n2y9e4edgame-level","78","96.2631578947368","58","1716","9","0.0517241379310345","58","1","0.0337995337995338"
"19","369pky81z274mp52game-level","70","64.45","29","989","8","0.137931034482759","29","1","0.0293225480283114"
"20","369pky81zdnlnm72game-level","55","78.5555555555556","21","1521.95833333333","7","0","21","1","0.013798012429162"
"21","369pp381wkpo3rw2game-level","107","169.2","13","1646","1","0","12","0.923076923076923","0.00789793438639125"
"22","369pp381xk9gv1ydgame-level","90","114.428571428571","50","1830","2","0","46","0.92","0.0273224043715847"
"23","369prm21824jpqe2game-level","145","181.111111111111","11","233.958333333333","1","0","11","1","0.0470169189670525"
"24","3dx2lw41rklrw4rkgame-level","47","48.8181818181818","22","956.041666666667","3","0","22","1","0.0230115493571584"
"25","3dx3yydy5dwqxndggame-level","92.5","123.454545454545","30","1409.04166666667","4","0","29","0.966666666666667","0.021291066623296"
"26","3dx57v1yq25rpjkogame-level","28","50.8823529411765","25","2284","5","0","22","0.88","0.0109457092819615"
"27","3dxe951y9kvq8oodgame-level","54","64.8181818181818","267","1923.95833333333","2","0.00374531835205993","267","1","0.13877639415268"
"28","3dxe951yrkl95lrkgame-level","54","69.5470588235294","234","1841","2","0.00427350427350427","234","1","0.127104834329169"
"29","3dxkz0v15dw1v5nkgame-level","58.5","83.5625","33","192","1","0","23","0.696969696969697","0.171875"
"30","3dxkz0v19kv83mjdgame-level","64","92.7650897226754","969","207","1","0","969","1","4.68115942028986"
"31","3dxkz0v1mkex8zxdgame-level","66","123.698113207547","82","206","1","0","82","1","0.398058252427184"
"32","3dxkz0v1ndx3qjodgame-level","84","107.842105263158","94","188","1","0","94","1","0.5"
"33","3dxl5ydy824x1nmdgame-level","26","34.3333333333333","51","2456","2","0","25","0.490196078431373","0.0207654723127036"
"34","3dxl5ydyjdz37l32game-level","27","33.7096774193548","43","2425","2","0","35","0.813953488372093","0.0177319587628866"
"35","46w0n91r02ql37pkgame-level","47.5","72.6242236024845","579","1824","1","0","579","1","0.317434210526316"
"36","46w0n91r5dwy905kgame-level","52","64.683908045977","375","1825","1","0","375","1","0.205479452054795"
"37","46w0n91r7dg5xzg2game-level","49","74.1412429378531","715","1832","1","0","715","1","0.39028384279476"
"38","46w0n91rmkejvej2game-level","38.5","58.1489361702128","362","1822","1","0","362","1","0.198682766190999"
"39","46w0n91rwkpq9pjdgame-level","49.5","82.9175824175824","366","1832","1","0","366","1","0.199781659388646"
"40","46w2wo76w20no45dgame-level","37.5","52.968085106383","136","40","1","0","136","1","3.4"
"41","46w305q1vdox671dgame-level","82.5","126.391304347826","77","539.958333333333","1","0","77","1","0.142603595956478"
"42","46w382n1zdn8npxdgame-level","119","124.964285714286","92","630","2","0.173913043478261","92","1","0.146031746031746"
"43","46w3ln1r7kjzlxd3game-level","45","63.6036036036036","277",NA,"1","0","277","1",NA
"44","46w3xjq1n2ygo8e2game-level","34","40.4705882352941","27","537.958333333333","3","0","25","0.925925925925926","0.0501897606691968"
"45","4d74xld7vdo9j1dpgame-level","46","67.3709677419355","97","2273.04166666667","1","0","97","1","0.0426740967499496"
"46","4d792331rklry48kgame-level","111","139.428571428571","54","517.041666666667","1","0","53","0.981481481481482","0.104440325570151"
"47","4d792331zd3xenrdgame-level","120","118.883333333333","68","543","1","0","67","0.985294117647059","0.125230202578269"
"48","4d794qg15dw8eggdgame-level","29","36.5789473684211","35","2064.04166666667","5","0","35","1","0.0169570220239417"
"49","4d794qg1wkpvl3vkgame-level","28","45.1730769230769","207","2139","4","0.0386473429951691","207","1","0.0967741935483871"
"50","4d7nw367wkpyz0jkgame-level","55","97.1714285714286","49","2748.04166666667","2","0.693877551020408","48","0.979591836734694","0.0178308795657514"
"51","4d7p4rd7jdr1nqn2game-level","52","105.516129032258","63","2506","5","0","63","1","0.0251396648044693"
"52","4d7y5zd77dgng872game-level","137","133.266666666667","20","843.958333333333","3","0","16","0.8","0.0236978523821279"
"53","4d7y5zd78241elw2game-level","48","70.75","20","521.041666666667","2","0","18","0.9","0.0383846461415434"
"54","4d7y5zd7zd3oymndgame-level","87","126.588235294118","21","492.958333333333","4","0","18","0.857142857142857","0.0425999492857747"
"55","4pd0k21exd1m68d8game-level","71","111.411764705882","408",NA,"7","0","408","1",NA
"56","4pd0k21ezd3ypn2ngame-level","86","161.090909090909","34","2861","3","0","34","1","0.011883956658511"
"57","4pdver6w9d866362game-level","58","95.6444444444444","62","2839","7","0","62","1","0.0218386755899965"
"58","4pdver6wjdrpq026game-level","68","99.699481865285","281",NA,"8","0","281","1",NA
"59","4pdver6wjdz53xdvgame-level","85","157.954545454545","36",NA,"6","0","36","1",NA
"60","4pdvgodw9kv7nokggame-level","36","45.8714285714286","138","2689.95833333333","1","0.27536231884058","138","1","0.0513019098808842"
"61","4pdvgodwzd38q8kngame-level","35","50.009900990099","185","2698.95833333333","1","0.291891891891892","185","1","0.0685449633346198"
"62","576rzld87kjrox23game-level","45","63.9126213592233","144",NA,"4","0.534722222222222","144","1",NA
"63","576rzld8xk9lwyk0game-level","39","76.5128205128205","49",NA,"4","0.36734693877551","49","1",NA
"64","76r3q46802q3vykygame-level","56.5","73.6666666666667","54","3124.04166666667","1","0.425925925925926","53","0.981481481481482","0.0172853008255865"
"65","76r3q468jdz9wg2vgame-level","50","71.5170068027211","206","3850","1","0.446601941747573","201","0.975728155339806","0.0535064935064935"
"66","76r3y856mkey8x62game-level","35","49.7731958762887","307","1672","2","0","303","0.986970684039088","0.183612440191388"
"67","76r9846802qj3z9dgame-level","64","98.578947368421","57","4006","1","0","57","1","0.0142286570144783"
"68","76rjrq189kv3n02ggame-level","76","107.888888888889","23","2634","2","0","21","0.91304347826087","0.00873196659073652"
"69","76rkwed8ndxmj4r2game-level","60","90.8148148148148","32","1808","3","0","32","1","0.0176991150442478"
"70","76rkwed8xd1erv42game-level","62.5","92.2950819672131","160","1841.95833333333","3","0","160","1","0.0868640713009252"
"71","76rkwed8zd360xvdgame-level","83","99.6315789473684","22","1798","2","0","22","1","0.0122358175750834"
"72","76rq8vd8mkejq592game-level","39","62.8846153846154","33","1823","2","0","33","1","0.018102029621503"
"73","8m1zzm10zd3lvmvdgame-level","54","67.3333333333333","18","1646.04166666667","2","0.555555555555556","18","1","0.0109353246424503"
"74","8nd20r609d8z16dngame-level","43","56.7368421052632","26","2579.95833333333","3","0","25","0.961538461538462","0.0100776821331094"
"75","946w031rwkpyr1jkgame-level","74.5","98","44","2619.95833333333","3","0","44","1","0.0167941602124716"
"76","946wk96rndx8lvkqgame-level","60","89.8666666666667","66","2640.95833333333","6","0","65","0.984848484848485","0.0249909281668586"
"77","9d385g1lxk98yv20game-level","65.5","86.5","83","3089.95833333333","2","0","83","1","0.0268612036300382"
"78","9d385vg102qrv0zkgame-level","22","30.2857142857143","33","89.9583333333333","3","0","32","0.96969696969697","0.366836498378879"
"79","9d385vg1jdrnlm0kgame-level","24.5","31.5454545454545","49","101.958333333333","2","0","47","0.959183673469388","0.480588475684512"
"80","9d385vg1jdznwjxdgame-level","31","28.7142857142857","45","98.9583333333333","3","0","44","0.977777777777778","0.454736842105263"
"81","9d385vg1q251mvwdgame-level","24","47","45","92.9583333333333","3","0","44","0.977777777777778","0.484087852980726"
"82","9d385vg1q251xvwdgame-level","19","26.5714285714286","26","87.9583333333333","3","0.0384615384615385","26","1","0.295594504973946"
"83","9d385vg1xk9xvmxkgame-level","34","39.75","11","50","2","0","10","0.909090909090909","0.22"
"84","9d385vg1zdny8v7kgame-level","21","35.1777777777778","84","101.958333333333","2","0","81","0.964285714285714","0.823865958316306"
"85","9d38e2g1xk9x0vvkgame-level","180","195.119047619048","84","1612.04166666667","1","0","84","1","0.0521078342681382"
"86","9d3r70ed02qlqnykgame-level","71.5","138.233333333333","36","2576","1","0.611111111111111","36","1","0.0139751552795031"
"87","9d3rpowdwk60p9qkgame-level","38","65.3529411764706","46","407.958333333333","1","0","46","1","0.112756613216219"
"88","9d3rvzwd02q3q97kgame-level","42","57.1047619047619","156","964","2","0.0192307692307692","138","0.884615384615385","0.161825726141079"
"89","9d3rvzwd5dw4095kgame-level","37.5","55.9259259259259","136","1103","2","0.00735294117647059","94","0.691176470588235","0.123300090661831"
"90","9d3rvzwd7kj3q1x2game-level","58.5","68.2627118644068","156","903.958333333333","2","0.00641025641025641","156","1","0.17257432588154"
"91","9d3rvzwdjdrvq8n2game-level","41","53","22","946","2","0","22","1","0.0232558139534884"
"92","9d3wgy1lw208nvdngame-level","56","83.2820512820513","53","3205","1","0","53","1","0.0165366614664587"
"93","9do3e7dpwdmz4wx2game-level","63","90.030303030303","42","2004.04166666667","3","0","42","1","0.0209576480861592"
"94","9do8mm1p7kjr9nx2game-level","36","80.0363636363636","73","2096","2","0","73","1","0.0348282442748092"
"95","9do8mm1pzdnqyjqdgame-level","65.5","84.7777777777778","226","3282","2","0","199","0.880530973451327","0.068860450944546"
"96","9do8p71p02q3wjkygame-level","76","88.037037037037","36","2320.04166666667","2","0","36","1","0.0155169626982274"
"97","9do92odpvdo4x3o2game-level","98","106","12","1932.04166666667","1","0","12","1","0.00621104617308978"
"98","9dokge1pwkpne0drgame-level","72","87.6896551724138","49",NA,"4","0.0408163265306122","49","1",NA
"99","9dokge1pzd3qonkngame-level","52","87.6224066390042","379",NA,"5","0.0923482849604222","379","1",NA
"100","9dow9e1pjdz89gdvgame-level","31","63.7460317460317","118",NA,"1","0.0508474576271186","118","1",NA
"101","9dow9e1pq25qqv2ogame-level","64","99.7538461538462","113",NA,"1","0.079646017699115","113","1",NA
"102","9dow9rm19kvog532rdq50l2d","21","31.0769230769231","17","586.958333333333","1","0.0588235294117647","17","1","0.0289628735713779"
"103","9dow9rm1wdmx1x4kgame-level","30","50","71","755.958333333333","2","0","71","1","0.0939205203108637"
"104","9dowpe1pvdo3l9dpgame-level","85.5","137.1","72","2627.95833333333","3","0","48","0.666666666666667","0.0273976946615719"
"105","9j1l576gq2540wdogame-level","73","154.909090909091","28","3156","4","0","28","1","0.00887198986058302"
"106","j1l7kedg9kvx31o2game-level","62","70.5333333333333","23","1718.95833333333","4","0.217391304347826","22","0.956521739130435","0.0133801963398376"
"107","j1ll5le1zdnyqp9kgame-level","123","124.846153846154","19","518.041666666667","2","0","14","0.736842105263158","0.0366765865036596"
"108","j1ll8jv1rkljox8dgame-level","37","56.0431893687708","510","1321","1","0","510","1","0.386071158213475"
"109","j1ll8jv1xk9nzlg2z98np819","20","22.8","25","1171.95833333333","1","0","25","1","0.0213318164041668"
"110","j1lq546g5dw1570kgame-level","88.5","143.461538461538","31","2584","2","0","24","0.774193548387097","0.0119969040247678"
"111","j1n8q9l17kj90gn2game-level","45","72.9272727272727","126","55.9583333333333","1","0","126","1","2.25167535368578"
"112","j1ne4y91rklq1l62game-level","51","74.6136363636364","58","1508.95833333333","1","0","58","1","0.0384371116940494"
"113","j1neozx1wkp04lg2game-level","73","104.506849315068","113","429.958333333333","9","0","100","0.884955752212389","0.262816164357011"
"114","j1ng5w6pmke6yjd6game-level","154","154.3","29","4004","4","0.724137931034483","29","1","0.00724275724275724"
"115","j1ngme6pwk6w70o2game-level","120","127.7","31","2543.04166666667","3","0.032258064516129","31","1","0.0121901266527944"
"116","j1npme6p9d86nz62game-level","76","100.289655172414","153","3148.04166666667","1","0","153","1","0.0486016438791312"
"117","j1npme6pxd114pzdgame-level","364","374","11","165","1","0","9","0.818181818181818","0.0666666666666667"
"118","j1npme6pzd301qedgame-level","91","131.226628895184","735","2772.04166666667","1","0","615","0.836734693877551","0.265147529648725"
"119","j1nqoy1pzd30e6vd5wkk0z2w","135","143.7","13","2049.95833333333","4","0","13","1","0.00634159230878676"
"120","j1nqoy1pzd30e6vdgdrprm6w","38.5","70.6666666666667","24","2290.95833333333","5","0","24","1","0.0104759652983649"
"121","j1nqoy1pzd30e6vdywe20ryw","59","140.5","14","2145","5","0","14","1","0.00652680652680653"
"122","j1nqoy1pzdn0zq72game-level","171.5","274.071428571429","31","1403","4","0","26","0.838709677419355","0.0220955096222381"
"123","jy65301e02qljx7kgame-level","47","85.1891891891892","68","1454","1","0","68","1","0.046767537826685"
"124","jy65301ezd37yme2game-level","45","61.4137931034483","44","2828.04166666667","1","0","44","1","0.0155584694944971"
"125","k6q474zd8240o13dgame-level","171","154.487690504103","882","601","2","0.0136054421768707","882","1","1.4675540765391"
"126","k6q4kzdg7dg8xn425920qp3d","49","69","21","2338.95833333333","2","0.0476190476190476","21","1","0.00897835574953238"
"127","k6q4yozd9kv7yjjkrdnr0rqw","70","70","10","716.041666666667","3","0","9","0.9","0.0139656677334885"
"128","k6qgnmdg02ql5m9k29vmooq9","19","33.4705882352941","70","1193.95833333333","1","0","70","1","0.0586285116035596"
"129","k6qgnmdg02ql5m9kgdre30e9","29.5","41.4166666666667","45","1200.95833333333","1","0","40","0.888888888888889","0.0374700759809874"
"130","k6qgnmdg02ql5m9kn93q6v2w","25","29.6111111111111","62","1169","1","0","62","1","0.0530367835757057"
"131","k6qgnmdg02ql5m9ko9xz1j3w","33","36.4","30","958","1","0","30","1","0.0313152400835073"
"132","k6qgnmdg02ql5m9kr9g3mp5w","34.5","38","44","1802","1","0","44","1","0.0244173140954495"
"133","k6qgnmdg02ql5m9kr9gxek5w","28.5","43.0833333333333","22","1085","1","0","22","1","0.0202764976958525"
"134","k6qgnmdg02ql5m9kxd0kzzm9","34","51.3333333333333","75","1187.95833333333","1","0","75","1","0.0631335274104732"
"135","k6qgnmdg02ql5m9kxd134r59","36","76.5555555555556","24","834","1","0","24","1","0.0287769784172662"
"136","k6qgnmdg02ql5m9kxd40qqq9","31","57.3818181818182","121","1313","2","0","121","1","0.0921553693830922"
"137","k6qgnmdg02ql5m9kz98r1yrd","32","34.6666666666667","41","1190.95833333333","1","0","41","1","0.0344260574467341"
"138","k6qgnmdg7dg9n7lkgame-level","57","89.4048582995951","374","1586.95833333333","6","0","323","0.863636363636364","0.235670963845932"
"139","kdk5e2dmjdrpj7x2game-level","64","93.9009900990099","144","1847","7","0","144","1","0.0779642663779101"
"140","kdk5e2dmw20zj3odgame-level","64","69.3448275862069","32","1647.95833333333","4","0","32","1","0.0194179666759374"
"141","kdkqxgdmwdm9mxkqgame-level","86","133.333333333333","88","2612.95833333333","4","0","85","0.965909090909091","0.0336783020522715"
"142","kdkxgg6m9kvmwxokgame-level","104","205","13","1678","2","0.0769230769230769","13","1","0.00774731823599523"
"143","kdkzvmldn2y5pv7kgame-level","56","63.8965517241379","52","1232","3","0.519230769230769","51","0.980769230769231","0.0422077922077922"
"144","kdkzvzldzd3638rdgame-level","101","113.608695652174","31","1371.04166666667","2","0","30","0.967741935483871","0.0226105455098009"
"145","kyd49x1e7dggn7d4game-level","31","62.4411764705882","49","2711.95833333333","2","0","42","0.857142857142857","0.0180681242029898"
"146","kyd4pxde824p8g25game-level","56.5","88.6478873239437","183",NA,"1","0.00546448087431694","183","1",NA
"147","kyd4pxdejdrq3ggkgame-level","57","83.5897435897436","69","2643.95833333333","1","0.0289855072463768","69","1","0.0260972342604996"
"148","kyd4pxdevdo4yv2pgame-level","38","57.9428571428571","121","2794.04166666667","1","0.0165289256198347","121","1","0.0433064407891794"
"149","kyd4pxdezdnwj6edgame-level","51","69.7692307692308","139","2872","1","0.0215827338129496","139","1","0.0483983286908078"
"150","l3dx4g6y7dg6olk4game-level","38","38.3333333333333","30","2752","4","0.0666666666666667","29","0.966666666666667","0.0109011627906977"
"151","l3dxny1ywkpy9wkrgame-level","36.5","66.741935483871","105",NA,"7","0.171428571428571","105","1",NA
"152","l3dxogdyjdrqy7lkgame-level","49","70","145","2250.95833333333","2","0","125","0.862068965517241","0.0644170075708494"
"153","l3dxogdywk68zp21game-level","71.5","103.069377990431","640","4469.95833333333","3","0","559","0.8734375","0.143178068401085"
"154","l3dxogdyzd30z7rdgame-level","50","66.6785714285714","84","4897","2","0","71","0.845238095238095","0.0171533591995099"
"155","lde3nex69d8xnz32game-level","53.5","86.9444444444444","126","51","2","0","126","1","2.47058823529412"
"156","lde3r2l6ndx4nzo2game-level","25.5","36.25","23","493.041666666667","3","0","20","0.869565217391304","0.0466492013859545"
"157","lde3v3x602qvy0jdgame-level","65","76.1509433962264","85","533.958333333333","1","0","85","1","0.159188451033945"
"158","lde3z9l6xd17m77dgame-level","91.5","101.946428571429","75","1350.04166666667","4","0","75","1","0.0555538409308355"
"159","ldej3o51824l9qgdgame-level","116","128.333333333333","304","332","7","0.00328947368421053","293","0.963815789473684","0.91566265060241"
"160","ldej3o519d8on532game-level","116","118.038461538462","88","335","5","0","83","0.943181818181818","0.262686567164179"
"161","ldejjmj182484nmkgame-level","25","70.0588235294118","23","44.9583333333333","3","0","21","0.91304347826087","0.511584800741427"
"162","ldemjl13ndx8xljkgame-level","33","53.0691699604743","1084","3524","2","0","835","0.77029520295203","0.307604994324631"
"163","ldemjl13rklg6mwdgame-level","49","72.26","60","2618.95833333333","1","0","60","1","0.0229098719274521"
"164","ldemjl13z277x442game-level","31","104.4","16","1694","1","0","16","1","0.00944510035419126"
"165","m1m2oxd25dwpp7ekgame-level","52","78.7297297297297","77","2151","4","0","67","0.87012987012987","0.0357973035797304"
"166","m1m2oxd27kjzg3gdgame-level","39","54.1470588235294","82","1776","3","0","78","0.951219512195122","0.0461711711711712"
"167","m1m2oxd29kvpggjkgame-level","93","96.0393258426966","305","2361.95833333333","5","0","271","0.888524590163934","0.129130135657205"
"168","m1m2oxd2jdz34wr2game-level","58","80.1354166666667","207","2305.95833333333","5","0","189","0.91304347826087","0.0897674502647128"
"169","m1m2oxd2z273wr5dgame-level","44","63.735632183908","201","2308.95833333333","4","0","190","0.945273631840796","0.0870522421726969"
"170","m1m7pp129kvn60dggame-level","43","59.5964912280702","91","2734.95833333333","3","0","89","0.978021978021978","0.0332729017809534"
"171","m1mgkj12zdn8l8edgame-level","58","94.4444444444444","14","1759","1","0","14","1","0.00795906765207504"
"172","m1mjnk129kvpyw0kgame-level","49","64.8571428571429","51","2380.04166666667","2","0","51","1","0.021428196285079"
"173","m1mnjexdzd3qj78kgame-level","88.5","115","38","89.9583333333333","1","0","38","1","0.422417786012043"
"174","m1mr7j62wkpq8x0dgame-level","83.5","96.45","52","1592.04166666667","4","0","52","1","0.0326624617236777"
"175","m1mx4jx6wdmx463kgame-level","62","84.2083333333333","32","853.041666666667","2","0","21","0.65625","0.0375128217652518"
"176","m1mx75p6mker558dgame-level","34","45.4552845528455","199","1764.04166666667","3","0","191","0.959798994974874","0.112809126768548"
"177","m1mx75p6xk9vr84dgame-level","28","67.0909090909091","13","488.041666666667","2","0","13","1","0.0266370699223085"
"178","m1mxrr36w208pvodgame-level","85","97.9310344827586","35","325","1","0","35","1","0.107692307692308"
"179","m1z9l2d05dw6zee2game-level","43.5","56","143","1567.95833333333","2","0","137","0.958041958041958","0.0912014030985092"
"180","m1z9l2d0824m59e2game-level","55","79.179746835443","519","1703","3","0.00192678227360308","519","1","0.3047563123899"
"181","m1z9l2d0mkeqo0xkgame-level","50","57.7619047619048","276","1711","2","0.0036231884057971","256","0.927536231884058","0.161309175920514"
"182","m1z9l2d0n2y9zxzdgame-level","46","57.2674157303371","754","1711","3","0.00530503978779841","710","0.941644562334218","0.440677966101695"
"183","m1z9l2d0q25ezlg2game-level","65.5","144.823529411765","63","1305.04166666667","2","0","50","0.793650793650794","0.0482743207432713"
"184","m1z9l2d0vdoxwxodgame-level","23.5","38.8819444444444","261","420.958333333333","3","0","261","1","0.620013857270118"
"185","m1z9l2d0wkpmj40kgame-level","54","84.1384615384615","357","1659","2","0.00560224089635854","344","0.96358543417367","0.215189873417722"
"186","m1zgg060w20zxjodgame-level","51","70.28","64","1885.95833333333","3","0","52","0.8125","0.0339350020988445"
"187","m1zgg060wdm46p3dgame-level","38","61.5","44","1816","3","0","38","0.863636363636364","0.0242290748898678"
"188","m1zmqx60mkeoo1jdgame-level","73","79.6666666666667","18","2375","1","0","18","1","0.00757894736842105"
"189","m9dozm1pwdmqx52qgame-level","55","89.047619047619","24","2281.95833333333","3","0","24","1","0.0105172823050377"
"190","n268p5dpnxd13rk8game-level","74","109.047619047619","112","3360","1","0","112","1","0.0333333333333333"
"191","n4d7r1727wk6prd1game-level","54","69.4223602484472","232","3347.95833333333","5","0.00431034482758621","223","0.961206896551724","0.0692959639581337"
"192","n4d7r172p7kjv4k3game-level","78","175.291666666667","38","3103.04166666667","1","0","38","1","0.0122460489036295"
"193","n4d7r172q254wgdogame-level","29","72.5882352941177","41","2782.04166666667","3","0","40","0.975609756097561","0.0147373781245788"
"194","n4d7r172xn2yqmkogame-level","66","100.615384615385","46","2980","3","0","45","0.978260869565217","0.0154362416107383"
"195","nd28g0edrkl56rw2game-level","18","32.0333333333333","36","132","2","0.0277777777777778","33","0.916666666666667","0.272727272727273"
"196","nd28g83d7dgmvnxdgame-level","34.5","79.9714285714286","111","1378","2","0.00900900900900901","103","0.927927927927928","0.0805515239477504"
"197","nd28g83d824nzgwkgame-level","42","52","61","635","1","0","60","0.983606557377049","0.0960629921259843"
"198","nd28g83drkl5olq2game-level","19.5","34.4","17","568.041666666667","1","0","17","1","0.0299273820875816"
"199","nd28g83dvdo5e81kgame-level","48.5","52.5","25","614","1","0","24","0.96","0.0407166123778502"
"200","nd28g83dwdm5pxx2game-level","25","48.9333333333333","17","641","1","0","15","0.88235294117647","0.0265210608424337"
"201","nd28g83dzd3jzwy2game-level","35","45.3648648648649","110","1258","2","0","98","0.890909090909091","0.0874403815580286"
"202","nd2e9erd5dw7zllkgame-level","65","81","112","3227","1","0","112","1","0.03470715835141"
"203","nd2e9erd7dg4popdgame-level","70.5","80.6142131979695","419","2797.04166666667","1","0","419","1","0.149801129169212"
"204","nd2e9erd7kj6vw42game-level","69","79.843537414966","441","615.041666666667","1","0","441","1","0.717024591829822"
"205","nd2e9erdmkeqm06kgame-level","67","81.662192393736","454","2356.04166666667","1","0","454","1","0.192696082765939"
"206","nd2e9erdn2y9z41dgame-level","248","412.138157894737","760","398","1","0","742","0.976315789473684","1.90954773869347"
"207","nd2e9erdndx5pwjkgame-level","115","153.369863013699","292","411","1","0","253","0.866438356164384","0.710462287104623"
"208","nd2e9erdvdom79v2game-level","72","91.4508748317631","1561","3544","1","0","1156","0.740550928891736","0.440462753950339"
"209","nd2evpqdwdmv5yedgame-level","31","44.9","25","419","1","0","25","1","0.0596658711217184"
"210","nd2ggq10n2yqzq8kgame-level","254","179.547945205479","92","2496","4","0","80","0.869565217391304","0.0368589743589744"
"211","nd2ggq10ndxjww12game-level","264.5","211.485714285714","86","2933.95833333333","4","0","78","0.906976744186046","0.0293119363771924"
"212","nd2ggq10rklx88qkgame-level","258.5","218.243243243243","92","2847","4","0","79","0.858695652173913","0.0323147172462241"
"213","nd2ggq10vdo409o2game-level","254","193.018867924528","69","2896.04166666667","4","0","62","0.898550724637681","0.0238256240558233"
"214","nd2ggq10w20p44vkgame-level","257.5","209.214285714286","56","2549","4","0","54","0.964285714285714","0.0219693997646136"
"215","nd2ggq10wdmqzy42game-level","260","184.046511627907","59","2656.95833333333","4","0","53","0.898305084745763","0.0222058431477096"
"216","nd2ggq10wdmz11x2game-level","254","216.388059701493","89","2657.95833333333","4","0","76","0.853932584269663","0.0334843473217225"
"217","nd2ggq10wkpyj4vkgame-level","265","236.972972972973","53","2850.04166666667","4","0","48","0.905660377358491","0.0185962193535182"
"218","nd2ggq10xk907lykgame-level","173","149.541666666667","100","2648","4","0","92","0.92","0.0377643504531722"
"219","nd2ggq10z27gj7g2game-level","98","141.597222222222","229","3005.95833333333","5","0","204","0.890829694323144","0.076182027362322"
"220","nd2mev10wdm4154dgame-level","43","66.1481481481482","34","1543","1","0","34","1","0.0220349967595593"
"221","nd2n2qd0xd19m7k8game-level","65","78.5555555555556","25","2325.95833333333","2","0.48","24","0.96","0.0107482578865342"
"222","nd2w83d0xk9p4yd0game-level","52","74.1294117647059","161","2868","1","0","161","1","0.0561366806136681"
"223","nj1n4e6p02qgxl9dgame-level","27.5","39.8135593220339","185","3759.95833333333","6","0.227027027027027","185","1","0.0492026729019603"
"224","nj1nww1p9d8p1qkngame-level","22.5","36.5769230769231","62",NA,"4","0","62","1",NA
"225","nj1nww1p9kvp50kggame-level","19","33.34375","43",NA,"5","0","43","1",NA
"226","o1y0wr6qwk6y0od1game-level","59.5","92.84375","40","2417.04166666667","2","0.175","40","1","0.0165491561654226"
"227","o1y3qv6qn2y97edogame-level","100","166.916666666667","28","2455.04166666667","2","0.0357142857142857","28","1","0.0114051017464062"
"228","o1y9w8v6q25ery82game-level","37","53.1153846153846","48","423.958333333333","1","0","48","1","0.113218673218673"
"229","o1yjrv1qmkej1y92game-level","91","134.885714285714","41","3584","4","0.609756097560976","40","0.975609756097561","0.0114397321428571"
"230","o1yxvv6q7kjzq1ndgame-level","26.5","35.75","97","3070.95833333333","3","0","97","1","0.0315862312253233"
"231","o1yxvv6qn2yj37z2game-level","43","59.3846153846154","100","3065.95833333333","5","0","97","0.97","0.0326162292920919"
"232","o1yz5kdqn2y1nem2game-level","96.5","96","26","1777.04166666667","2","0.269230769230769","26","1","0.0146310581725246"
"233","o6glg48dn2ygqo12rdn246vd","16.5","41.3","13","667","4","0","13","1","0.0194902548725637"
"234","o6glg48dn2ygqo12rdq5421d","37.5","58.5","34","587.041666666667","5","0","34","1","0.0579175243097452"
"235","o6glg48dn2ygqo12xd4rg4p9","40","128","26","585.041666666667","4","0","26","1","0.0444412791111744"
"236","o6glg48dn2ygqo12ywemxrrd","23","57.9230769230769","21","356","4","0","21","1","0.0589887640449438"
"237","o6glpzod8240oyedgame-level","106","90.5384615384615","22","401","4","0","22","1","0.0548628428927681"
"238","o6glpzod9d83w7w2game-level","37.5","74.8333333333333","22","494","1","0","22","1","0.0445344129554656"
"239","o6glpzodrklr8w6kgame-level","25","54","9","533.041666666667","1","0","9","1","0.016884233565231"
"240","o6glvqodz27m4n52game-level","129","123.409090909091","33","20","3","0","33","1","1.65"
"241","o6glxod27kjz6nd3game-level","62.5","92.6594202898551","181","3327.95833333333","11","0","181","1","0.0543877001665185"
"242","o6gn7o12jdreqnk6game-level","41","56.5227272727273","158","3176","3","0","158","1","0.0497481108312343"
"243","o6gn7o12q253ojkogame-level","43","66.0645161290323","89","3167.04166666667","5","0","89","1","0.0281019352971359"
"244","o6gn7o12wdmzryo2game-level","49","59.6875","28","3406","3","0","28","1","0.00822078684674104"
"245","o6gn7o12wkp3yj2rgame-level","36","54.8994413407821","308","3457.95833333333","6","0","308","1","0.0890698991456905"
"246","o6gnq5129d84mlkngame-level","70","93.1515151515152","46","2891","1","0.695652173913043","46","1","0.0159114493254929"
"247","o6gny5128241qm25game-level","59","79.18","129",NA,"4","0","127","0.984496124031008",NA
"248","ok6qlo1gmkeon9d6game-level","16","31.8235294117647","27","3734","4","0","27","1","0.00723085163363685"
"249","ok6qlo1gwdmze42qgame-level","37","60.864406779661","100","3772.95833333333","5","0","100","1","0.0265044008348886"
"250","ok6qlo1gxd1rxxrkgame-level","61","73.1333333333333","35","3739.95833333333","3","0","35","1","0.00935839303022538"
"251","om1mpk1202qg5zdygame-level","57","91.6351351351351","78","2328.95833333333","7","0","74","0.948717948717949","0.0334913677430897"
"252","pd072l6ewdmp83dqgame-level","51","69.5238095238095","85",NA,"1","0.635294117647059","85","1",NA
"253","pd0993demkelr19dgame-level","39.5","51.9864864864865","111","2126","2","0","77","0.693693693693694","0.0522107243650047"
"254","pd0qq4v1jdr968xdgame-level","40","58.5808383233533","238","281.041666666667","1","0","234","0.983193277310924","0.846849518161601"
"255","pd0qq4v1jdr96yxdgame-level","28","44.4957983193277","185","323","3","0","185","1","0.572755417956656"
"256","pd0qq4v1jdrrg3gdgame-level","38","57.2608695652174","107","248","2","0","103","0.962616822429907","0.431451612903226"
"257","pd0qq4v1jdze0ovdgame-level","41","51.7340425531915","125","319","1","0","125","1","0.391849529780564"
"258","pd0qq4v1zdnngqndgame-level","29","50.4403669724771","144","317","1","0","140","0.972222222222222","0.454258675078864"
"259","pd0w3qw19d84jg3kgame-level","46","72.9111111111111","136","909.958333333333","1","0","136","1","0.149457392737763"
"260","pd0w3qw1w20gvlzkgame-level","60","87.2666666666667","68","820","1","0","46","0.676470588235294","0.0829268292682927"
"261","pd0wj4217dgnqzp2game-level","83","98.4852941176471","328","710","1","0","328","1","0.461971830985915"
"262","pd0wjp21w20gl5zkgame-level","58.5","220.75","19","700","2","0","19","1","0.0271428571428571"
"263","pd0wx9w18246jnmdgame-level","22.5","38.469387755102","216","1590.95833333333","3","0","215","0.99537037037037","0.135767226252521"
"264","pd0wx9w1zd36l5rdgame-level","30","51.8273195876289","2470","1668","3","0","2445","0.989878542510121","1.48081534772182"
"265","pdv294v6mkexjj6dgame-level","117.5","117.5","13","1433","1","1","13","1","0.00907187718073971"
"266","pdv4qrdw9d863672game-level","32","43.4166666666667","48","1565.95833333333","3","0","48","1","0.0306521565601469"
"267","pdv4qrdwzd36predgame-level","45.5","58.4285714285714","30","1385","3","0","24","0.8","0.0216606498194946"
"268","pdv94r1w7kjl9g23game-level","68","122.071428571429","49","2234","5","0","49","1","0.0219337511190689"
"269","pdvl8r1wxk9jv1ydgame-level","54","104.805555555556","51","1806","3","0","51","1","0.0282392026578073"
"270","pdvznzr6824nn0mkgame-level","50","61.3205128205128","100","225","3","0","73","0.73","0.444444444444444"
"271","pdvznzr6824r35mdgame-level","56.5","83.2545787545788","690","1284.95833333333","4","0","690","1","0.536982392425176"
"272","pdvznzr69d8yo9wkgame-level","50","75.3177966101695","325","228","4","0","325","1","1.42543859649123"
"273","pdvzpo467dg4xwgdgame-level","50","62.2336448598131","188","1109","5","0","169","0.898936170212766","0.169522091974752"
"274","pdvzxmr6jdz645r2game-level","130","151.180555555556","74","540","4","0","72","0.972972972972973","0.137037037037037"
"275","pdvzxmr6q25ep4j2game-level","126.5","147.946153846154","131","546","6","0","111","0.847328244274809","0.23992673992674"
"276","pdvzxmr6z27m5102game-level","174","177.746835443038","79","1232","6","0","79","1","0.0641233766233766"
"277","qw6jp56jrklg0ndngame-level","54","74.0344827586207","77","4241","2","0.142857142857143","77","1","0.0181560952605518"
"278","qw6jp56jw20ze5dn5920l3d6","24","58.7272727272727","20","3205","3","0.1","20","1","0.0062402496099844"
"279","qw6jqx1jzdnprxkqgame-level","41","70.1666666666667","25","3084","2","0","25","1","0.00810635538261997"
"280","qw6jv76j37dg47d4game-level","30","89.2608695652174","50","3476.04166666667","3","0","50","1","0.0143841774048547"
"281","qw6jw41jjdz3zr2v69zpx6w1","30","53.2142857142857","21","2341.95833333333","1","0","21","1","0.00896685466223068"
"282","qw6jw41jjdz3zr2vxd40n09m","39","56.2352941176471","28",NA,"1","0","27","0.964285714285714",NA
"283","v1p0x468q2548ovdgame-level","28","40.9677419354839","39","2158","1","0.82051282051282","22","0.564102564102564","0.0180722891566265"
"284","v1p42z1802qogojkgame-level","64.5","93.1","15","1189.04166666667","1","0","15","1","0.0126152013175877"
"285","v1p42z18vdoo4y9dgame-level","60.5","142.166666666667","23","1253.04166666667","1","0","23","1","0.0183553353506468"
"286","v1p4e418rklernr2game-level","175","204.740740740741","90","1840","1","0","81","0.9","0.0489130434782609"
"287","v1p4e418vdoq1yykgame-level","111","141.814814814815","36","1816","1","0","33","0.916666666666667","0.0198237885462555"
"288","v1plmp68n2y39y1dgame-level","39","54","41","2965.95833333333","1","0","41","1","0.0138235252799123"
"289","v1po7r7602qv087dgame-level","114.5","178.75","24","484","3","0","20","0.833333333333333","0.0495867768595041"
"290","v1po7r769kv9nz32xd130359","84","100.862068965517","119","942","8","0","119","1","0.126326963906582"
"291","v1po7r76mkeqn79kxd130359","85","101.678018575851","334","956","10","0","334","1","0.349372384937238"
"292","v1po7r76mkeqn79kywe3klr9","91.5","101.64","102","434.958333333333","9","0","102","1","0.234505220806591"
"293","v1po7r76rklrny8kkwj8yv79","108","124.033333333333","33","887.958333333333","6","0","29","0.878787878787879","0.0371639059640561"
"294","v1ponx76wdmvmz4dy9mg6l19","36","36","10","355","1","0","10","1","0.028169014084507"
"295","v1ponx76zd3oqgndkwj6gnzd","53.5","63.375","33","426","4","0","31","0.93939393939394","0.0774647887323944"
"296","v1ponx76zd3oqgndowo5jzyd","101","105.333333333333","23","236.958333333333","2","0","23","1","0.0970634781079655"
"297","v1poy886mke4e0x2game-level","70","69.6896551724138","57","90","3","0","53","0.929824561403509","0.633333333333333"
"298","v1poy886mkeqrynkgame-level","139","126.443708609272","159","1177.95833333333","7","0","154","0.968553459119497","0.134979307417495"
"299","w6j395djn2yqq7zkgame-level","110","141.790697674419","55","2841","5","0","55","1","0.019359380499824"
"300","w6j5y41j7dgglwxdgame-level","258","167.673469387755","79","2699.95833333333","4","0","63","0.79746835443038","0.0292597107980061"
"301","w6j5y41jvdo4wr12game-level","65.5","89.4673913043478","137","2346.95833333333","4","0","117","0.854014598540146","0.0583734265982566"
"302","w6j8p71jn2y7yw82game-level","140","121.533333333333","16","698.958333333333","1","0","9","0.5625","0.0228912071535022"
"303","w6jl094dwdmxg1xkgame-level","37.5","62.3125","34","142","1","0","34","1","0.23943661971831"
"304","w6jl2z4djdro6ngdgame-level","24","48.9090909090909","30","440.958333333333","1","0","24","0.8","0.0680336388547671"
"305","w6jl725djdz79jrkgame-level","35","55.8733624454148","231","1111","2","0.0216450216450216","231","1","0.207920792079208"
"306","w6jl725dxk9g1lgdgame-level","27","52.25","17","1531.95833333333","1","0","17","1","0.0110969075529687"
"307","w6jlrn4d82404pedgame-level","63","87.9375","44","573","2","0.0454545454545455","42","0.954545454545455","0.0767888307155323"
"308","w6jlw74dwdmxoqek5wknzovw","13.5","19.8333333333333","24","736","3","0","20","0.833333333333333","0.0326086956521739"
"309","w6jlw74dzd3w4yekgame-level","66","77.4","32","778.958333333333","4","0","29","0.90625","0.0410805028082375"
"310","w6jnv51j7dg5ypp2game-level","44","88.56","32","2108.04166666667","2","0","28","0.875","0.0151799656078904"
"311","w6jnv51j9kvpqo0kgame-level","64","105.6","18","1844","3","0","14","0.777777777777778","0.00976138828633406"
"312","x3692ldlwdmw6ne2game-level","41","58.1176470588235","65","3740.95833333333","3","0","65","1","0.0173752269360569"
"313","xkdk4g1m02qyyydygame-level","27","42.0925925925926","96","3418.95833333333","4","0","96","1","0.0280787276826519"
"314","xkdkp21m824x9nd5game-level","46","67.2820512820513","55","3337.95833333333","1","0.254545454545455","49","0.890909090909091","0.0164771379710651"
"315","xv1p4m185dwp4ekggame-level","51","61.0454545454545","51","3056.95833333333","4","0","51","1","0.0166832499625172"
"316","y6547nedn2y997zdgame-level","45","64.1428571428571","25","369","2","0","25","1","0.0677506775067751"
"317","y654r24drklv81ndgame-level","68.5","102.142857142857","25","1513.95833333333","1","0","13","0.52","0.0165130039906426"
"318","y657jedendx19452ewpxmmld","27","50.1333333333333","23","1382","1","0","23","1","0.0166425470332851"
"319","y65r341e824xo0edkwj75xzw","47","47","15","2330.04166666667","3","0","15","1","0.00643765311779117"
"320","y65r341e824xo0edrdq0o7gw","29","41","10","1722","4","0","10","1","0.00580720092915215"
"321","y65r341e824xo0edy9m5j71d","20","52.1111111111111","15","2074","3","0","15","1","0.00723240115718419"
"322","y65r341e824xo0edz98ry2rd","28","37.6666666666667","26","1284","3","0","26","1","0.0202492211838006"
"323","y65r341exd1mo48dgame-level","55","82.3684210526316","40","2136","3","0","32","0.8","0.0187265917602996"
"324","y65r341ezd30mxedywe21rrw","31","37.8","12","2094","2","0","11","0.916666666666667","0.00573065902578797"
"325","yd400g1ezdn7mqkqgame-level","120","243.333333333333","16","2609.95833333333","1","0.4375","16","1","0.00613036606586951"
"326","yd437x1ewk6plnpdgame-level","73","83.7647058823529","45","2128","7","0.555555555555556","41","0.911111111111111","0.0211466165413534"
"327","yd478gde5dw43j0kewpn8nj9","31","31","9801","66","1","0","9801","1","148.5"
"328","yd478gdendx9vv5dgame-level","72","99.4181818181818","57","1702","7","0.105263157894737","45","0.789473684210526","0.0334900117508813"
"329","yd478gderklj86ndgame-level","73","85.2","51","1473","8","0.117647058823529","45","0.88235294117647","0.0346232179226069"
"330","yd478gdezd3vpoe2game-level","82","108.846153846154","40","2748","9","0.125","38","0.95","0.0145560407569141"
"331","yd48w56ejdrp8mg2game-level","39","66.1360946745562","490","3377.95833333333","1","0.397959183673469","490","1","0.145058035549087"
"332","yd4jl5dez27ryg4dgame-level","33","51.7777777777778","107","1976.95833333333","1","0","107","1","0.054123548380298"
"333","yd4o0z517kjqzegdgame-level","30","58.9719626168224","236","1436","6","0","234","0.991525423728814","0.164345403899721"
"334","yd4o0z51wkp3qqw2game-level","54","97.4607843137255","102","529.041666666667","5","0","96","0.941176470588235","0.192801449161219"
"335","yd4o4yx1z274gy5269z8y069","116","134.72","33","526.958333333333","1","0.515151515151515","33","1","0.0626235470862655"
"336","yd4or2x15dw4j5lkgame-level","104","158","11","1252.04166666667","1","0","11","1","0.00878565010482878"
"337","yd4ovvg15dwg1nlkkwj3v50d","85","94.1904761904762","22","709","6","0","20","0.909090909090909","0.0310296191819464"
"338","yd4ovvg19d849y7kgame-level","98","115.279329608939","184","730","9","0","184","1","0.252054794520548"
"339","yd4ovvg19kv7jy8kkwj3v50d","85","93.4886363636364","95","1034.04166666667","8","0","95","1","0.0918725067494056"
"340","yd4ovvg19kv7jy8ky9myz2z9","84","86.6880733944954","121","1025","7","0","121","1","0.118048780487805"
"341","yd4ovvg19kv7jy8kz98m63lw","87","100.134281200632","647","1154.95833333333","13","0","647","1","0.560193369169162"
"342","yd4ovvg19kv7jyokgame-level","91","103.355769230769","222","1890.95833333333","7","0","222","1","0.117400788841637"
"343","yd4ovvg1mke4xy62kwj3v50d","77.5","93.2380952380952","50","967.041666666667","7","0","50","1","0.0517040803136714"
"344","yd4ovvg1mke4xy62z98m63lw","88","110.073732718894","225","1129.95833333333","10","0","225","1","0.199122386518677"
"345","yd4ovvg1n2yolnmdgame-level","117","124.848484848485","35","698","5","0","35","1","0.0501432664756447"
"346","yd4ovvg1ndx9l1jdgame-level","94","122.429139072848","790","895.958333333333","13","0","790","1","0.881737431986234"
"347","yd4ovvg1w20gmyzkgame-level","106","136.519774011299","375","779.958333333333","11","0","344","0.917333333333333","0.48079491425824"
"348","yd4ovvg1xd1gpjrdgame-level","106","128.633802816901","71","683.041666666667","8","0","68","0.957746478873239","0.103946806563777"
"349","yd4ovvg1zdn07092game-level","80","96.5348837209302","53","895.041666666667","4","0","50","0.943396226415094","0.0592151203389042"
"350","yd4ovvg1zdnlyne2game-level","313","341.733333333333","15","551.041666666667","4","0","8","0.533333333333333","0.0272211720226843"
"351","yo1yq2dql9kvoo2ggame-level","42","76.7719298245614","70","2865.04166666667","3","0.342857142857143","57","0.814285714285714","0.0244324544436527"
"352","yo1yq2dqnxd1l7k8game-level","44","72.8301886792453","145","3224","4","0.510344827586207","145","1","0.0449751861042184"
"353","yo1yv1q54xk906k0game-level","66","95.2293577981651","133","2993.95833333333","3","0","133","1","0.0444227959084267"
"354","yo1yv1q5vdo46qy2game-level","28","35","17","2639.04166666667","2","0","17","1","0.00644173232076038"
"355","yo1yv1q5xk9g1w6dgame-level","67.5","108.233333333333","80","2473","3","0.0125","80","1","0.0323493732308937"
"356","yo1yv1q5xk9l5yk0game-level","27","45.6666666666667","77","2769","3","0","77","1","0.0278078728782954"
