"","iter","lambda","lambda_err","beta","beta_err","I_inf","I_inf_err","tau0","tau0_err","R_sq","delta_R_sq","R_sq_adj","convergence","id","run_date_in_days_max","R_sq_cat","beta_cat","tau0_cat"
"1",1601,0.0102548689694308,0.00148907881412204,1.46816002579955,0.0333062984724098,0.248547637877479,0.0186235212730056,22.6362536052378,3.84077099942909,0.966626520594286,9.99323856998302e-08,0.949939780891429,TRUE,"2685e76p824xg7ndgame-level",1239,9,1,0
"2",235,0.140701104549664,0.0189882336168513,0.520465047603693,0.0270772134398298,0.657931529757165,0.011217235483163,43.2938210574279,19.7128309862374,0.931829183451076,9.93708961782858e-08,0.909105577934768,TRUE,"2685e76pmke0e8d6game-level",2083,9,0,0
"3",10000,1.02448968095029e-13,1.33657997988688e-14,4.53776072541112,0.0175751121286531,0.378954605563191,0.0173554137865432,728.674498184021,39.5516335066427,0.969795529326098,3.3081813846092e-06,0.954693293989147,FALSE,"2689591prklr48kngame-level",3042,9,3,1
"4",1160,0.010968802904811,0.00410021819613553,2.35598965268684,0.174463959184127,0.189629119858685,0.0407863244103008,6.78976234310737,2.04033344339538,0.880720908993752,9.9972418787786e-08,0.809153454390003,TRUE,"2689591pwk6vyeedgame-level",876,8,2,0
"5",5136,3.61642719077462e-05,8.29920634504742e-06,1.78531933833808,0.0243811301188512,0.762524243787375,0.0182974406765732,307.548495379649,63.5929049248103,0.882876793248177,9.9888477378407e-08,0.843835724330902,TRUE,"268ekxy6n2y7rvz2game-level",765,8,1,0
"6",305,0.019284695314168,0.00183642621030143,1.2066720848079,0.0176642516279257,0.596251176330394,0.0117822406269868,26.3686562642875,3.34401875759361,0.985960484558203,9.91258279903207e-08,0.977536775293125,TRUE,"268erm76vdoxgl9dgame-level",374,9,1,0
"7",878,0.00974071758290546,0.0210765902576033,0.674411548268029,0.0172105188816644,0,1.85236497973024,960.429102055321,3249.72759040192,0.892840222913245,9.88424329051441e-08,0.839260334369868,TRUE,"268ex4o6w20ylqjkgame-level",202,8,0,1
"8",10000,0.0264516081333633,0.0422103217736701,0.478734926649056,0.017029288134421,0,0.964882492376903,1973.52670774665,7110.96901148539,0.658419968777288,8.64332667279699e-05,0.530327457068772,FALSE,"268exwy6vdo31v9dgame-level",2389,5,0,3
"9",492,0.00709039261705338,0.00124956001626678,1.13362266715378,0.0316303500138556,0.70358033344231,0.0133540451607083,78.701563855703,21.8216333627797,0.945492211645235,9.99603704254781e-08,0.912787538632375,TRUE,"268n096pq25onggkgame-level",1455,9,1,0
"10",7341,4.7845024430458e-12,3.66841444128527e-13,5.93807845392532,0.015802382078846,0.734790408465634,0.00284886476686999,80.6061316821066,1.98239308562912,0.994777454416649,9.99564109260831e-08,0.992166181624973,TRUE,"268q8o6p9kvo38j2game-level",670,9,3,0
"11",10000,1.15973689864813e-06,1.26517181487812e-07,2.41880164945586,0.0151475008542807,0.850240974377631,0.00336702570058243,284.419379903363,22.891990234678,0.969370468836312,1.89693678875891e-07,0.956243526909017,FALSE,"268wlo6pxd13oxrkgame-level",1313,9,2,0
"12",885,0.0663854080463707,0.0106754285804149,0.621849238536465,0.0229606141050808,0.367003876981601,0.0122043762312513,78.3850132066308,32.8938421710698,0.971835015257549,9.94757081151931e-08,0.96127314597913,TRUE,"29d30dlpjzd3y2nqgame-level",1837,9,0,0
"13",757,0.00527463716602844,0.000649554127157023,1.12416064832838,0.0213409209026139,0.304213699193421,0.0156365864265106,106.22566230908,21.0449987456816,0.967036058393559,9.95667103209641e-08,0.952908654847942,TRUE,"29d30dlpl9kvjkgqgame-level",2371,9,1,0
"14",5934,0.000220159786543199,1.51944387172963e-05,1.37454041817963,0.00779243155479906,0.444884118313117,0.0075402836214331,457.842636381076,38.8900103002205,0.987826286203709,9.99442894000779e-08,0.9832611435301,TRUE,"29d30dlpnxd1rk8qgame-level",3018,9,1,0
"15",4716,1.45079642876778e-05,2.04929914408679e-06,1.57770725392876,0.00982858991859764,0.860330795485972,0.00775593388793595,1166.06972749724,155.694713086267,0.984435620938106,9.99822404867956e-08,0.975096993500969,TRUE,"3698ngdlrklrw6kngame-level",2532,9,1,2
"16",1721,0.0390283830932156,0.00637973677342219,0.486325610440793,0.00496053331548716,0.66673889415116,0.0321049719474746,787.867787094923,318.415096472578,0.98036339609513,9.96355771221147e-08,0.970545094142695,TRUE,"369p9l1l7kjzj3d3game-level",2086,9,0,1
"17",431,0.118906388237024,0.0289692053249569,0.407671034565007,0.0156696276767256,0.146332215783992,0.0811795016659026,185.559418124377,148.14797332047,0.937581457427382,9.90316021409754e-08,0.900130331883812,TRUE,"369pky817kj8o5gdgame-level",1534,9,0,0
"18",29,0.0355604036931892,0.00391451730003814,1.0026570225339,0.0242700398635723,0.0130809921529315,0.0170827409550571,27.8736219864906,5.30540952472803,0.98212338040446,9.95156184124824e-08,0.97318507060669,TRUE,"369pky819kv6l382game-level",231,9,1,0
"19",10000,1.18600935614945e-13,4.20344937394119e-14,4.58960319785319,0.0372164771838495,0.501515236839883,0.0949527176843295,655.158346633731,85.044315452383,0.720148456297859,6.91997947721568e-06,0.580222684446788,FALSE,"369pky81n2y931zdgame-level",1073,5,3,1
"20",382,0.00369561087501779,0.000212977053041018,0.984434116430551,0.00550998231119217,0.172439534028563,0.0115065978576022,295.647041049559,26.7217145656761,0.994472413248114,9.99535997303624e-08,0.991708619872171,TRUE,"369pky81n2y9e4edgame-level",1436,9,0,0
"21",157,0.047550457673903,0.00813129683551696,0.929963633454663,0.051079488296138,0.322033444616054,0.0253422618701557,26.4526949418467,9.62310322910552,0.94543379537008,9.74004084053348e-08,0.91815069305512,TRUE,"369pky81z274mp52game-level",807,9,0,0
"22",142,0.00297611563152506,0.000171120027758563,2.35757490666919,0.0160165657808119,0.0177834243482103,0.000547473774909634,11.7920284272647,0.485258088460339,0.999980132726097,9.66321942463821e-08,0.999970199089146,TRUE,"369pky81zdnlnm72game-level",1253,9,2,0
"23",4,0.00062471268217913,0.000559632576188478,1.00031114411261,0.011494609525833,0,0.593370986128966,1597.06643494588,1565.60788006425,0.847438017079592,8.33937786604011e-08,0.771157025619388,TRUE,"369pp381wkpo3rw2game-level",1602,7,1,3
"24",2902,0.0446786827161528,0.0610400581341761,0.369746199975675,0.00889055673639264,0,0.972713342207402,4475.91378800456,17443.0979200372,0.874847703979722,9.98396291196357e-08,0.821211005685317,TRUE,"369pp381xk9gv1ydgame-level",1725,8,0,-1
"25",1115,0.00747109465389516,0.000772923109882484,1.68989763052005,0.028424564884726,0.693755005380834,0.00840273769605846,18.1312918732218,1.99369676653483,0.974137503424034,9.95919660073952e-08,0.961206255136052,TRUE,"369prm21824jpqe2game-level",235,9,1,0
"26",208,0.124344804037473,0.040813951867951,0.475839696670962,0.019037856527317,0,0.107388701975372,79.9251644216779,69.1415332327355,0.949217868512781,9.85950601162244e-08,0.91874858962045,TRUE,"3dx2lw41rklrw4rkgame-level",594,9,0,0
"27",10000,6.24998916231614e-11,6.96428447065298e-11,3.22226919211562,0.0111642360577469,0,0.776415044959608,1468.08069943461,544.763622499501,0.923074327287677,4.44155944911984e-06,0.876918923660283,FALSE,"3dx3yydy5dwqxndggame-level",1367,8,3,2
"28",62,0.125809920485575,0.0221110272082493,0.738921883247569,0.0514397822606905,0.264901659438918,0.0291259634919252,16.5339482282556,7.16157750146764,0.958681556272146,8.88611252358729e-08,0.933890490035434,TRUE,"3dx57v1yq25rpjkogame-level",1869,9,0,0
"29",4702,0.0417669447413364,0.024891884834037,0.478821253674841,0.0091589782423614,0,0.289645753959166,759.169062451767,1041.21936156426,0.95449363980138,9.97586168116626e-08,0.927189823682207,TRUE,"3dxe951y9kvq8oodgame-level",1847,9,0,1
"30",441,0.00999120942076344,0.0018995267667721,1.05387670760908,0.0355639104375132,0.276306330623431,0.0163088861983652,79.0892779056329,25.9325074992064,0.972531853618757,9.99138758395191e-08,0.956050965790011,TRUE,"3dxe951yrkl95lrkgame-level",1775,9,1,0
"31",94,0.0879818947652806,0.00918259558075159,0.974274628015643,0.0327693057705749,0.626489753352409,0.00934467935580167,12.1193577411632,2.3152413001333,0.967953685448055,9.89182061816862e-08,0.954219550640079,TRUE,"3dxkz0v15dw1v5nkgame-level",113,9,0,0
"32",88,0.204411700845038,0.0222851436003248,0.953642330001747,0.0512749415314443,0.631810846004825,0.0120126918620272,5.28459087660105,1.07717057727694,0.890707819914957,9.85597362612722e-08,0.868849383897948,TRUE,"3dxkz0v19kv83mjdgame-level",139,8,0,0
"33",630,0.00367933745179362,0.00057207226872443,1.80530333922253,0.0378999684965114,0.692031917980525,0.0117800688318398,22.3037293538624,3.37467895475784,0.979038399519049,9.90186328486686e-08,0.966461439230479,TRUE,"3dxkz0v1mkex8zxdgame-level",116,9,1,0
"34",57,0.127859589243619,0.0186635931560322,1.0167504581328,0.0486419050425759,0.63699497816328,0.0148085840114814,7.56050091944595,1.81711436394635,0.936915593206171,9.43146980514342e-08,0.905373389809257,TRUE,"3dxkz0v1ndx3qjodgame-level",114,9,1,0
"35",6612,0.017005265894865,0.0119360181915955,0.598029851038832,0.0141860735961609,0,0.356819736079633,909.374758775768,1214.28555070678,0.897071817182016,9.96364063476918e-08,0.86619336233662,TRUE,"3dxl5ydy824x1nmdgame-level",2193,8,0,1
"36",75,0.110461638027802,0.0243993276684012,0.643937016030634,0.0521773064149314,0.139851066303788,0.0435499513541254,30.6084810487306,18.9847283241624,0.930040279458582,9.10439860168921e-08,0.895060419187873,TRUE,"3dxl5ydyjdz37l32game-level",2422,8,0,0
"37",392,0.0262354516924133,0.00220340322021271,1.18443463805381,0.0172852819458616,0.664596094349416,0.00302452041388198,21.6226118494154,2.50314342989426,0.99339769642399,9.92283426537455e-08,0.990921832582987,TRUE,"46w0n91r02ql37pkgame-level",1487,9,1,0
"38",102,0.194463012108452,0.0269600655810957,0.701498094923643,0.044154299523067,0.623275645301135,0.0122090407649472,10.3223245416565,3.55666193152727,0.940657588942552,9.4082198365264e-08,0.918404184796009,TRUE,"46w0n91r5dwy905kgame-level",1481,9,0,0
"39",1072,0.0101489387812575,0.00168091429970364,7.28347218233803,0.224001537400299,0.629918114161262,0.00561636191121059,1.87807431353769,0.0791099242012216,0.965862688332035,9.99857685535233e-08,0.955621494831646,TRUE,"46w0n91r7dg5xzg2game-level",1578,9,3,0
"40",32,0.218299354026878,0.0407799795811459,0.922917229760725,0.0957384510734528,0.696685945547368,0.0106461618579366,5.20176114897216,1.94269131037094,0.905477523256924,9.35149065961483e-08,0.870031594478271,TRUE,"46w0n91rmkejvej2game-level",1484,8,0,0
"41",81,0.0725625349175241,0.0139920668417099,1.28795442946982,0.0831553258388276,0.670640369915229,0.0134924673623085,7.66604427583272,2.15584489099063,0.942948740419116,9.73303551088378e-08,0.918498200598738,TRUE,"46w0n91rwkpq9pjdgame-level",1535,9,1,0
"42",10000,2.68717349091123e-06,1.66649893520579e-05,1.45809228776398,0.0105047068020494,0,5.64060346258061,6615.20042667607,28555.5814693908,0.800051451977873,4.43930851634633e-07,0.680082323164597,FALSE,"46w2l76r02qg3wpdgame-level",2231,6,1,-1
"43",2124,0.0139837826676466,0.00207732149883603,6.37274031922908,0.17709029384361,0.805363406662664,0.00719545147187393,1.95427442259229,0.081941820188652,0.948243542128949,9.99581619698375e-08,0.917189667406318,TRUE,"46w2wo76w20no45dgame-level",12,9,3,0
"44",325,0.167550669535574,0.0550333570664616,0.414452623087593,0.0168872016531349,0.561889124002048,0.0759255359130887,74.472585848678,72.1000603135275,0.915755704947818,9.97990651230296e-08,0.879651007068311,TRUE,"46w305q1vdox671dgame-level",290,8,0,0
"45",2111,0.015336717711189,0.00308310471826761,5.45835141742832,0.243584629225283,0.738913671346362,0.0161931921132242,2.1497294110147,0.152595447721798,0.903834963442414,9.99959230973957e-08,0.846135941507862,TRUE,"46w382n1zdn8npxdgame-level",433,8,3,0
"46",1192,0.00630826764755489,0.00296793344275774,0.71639986785911,0.0115083576263723,0,0.249604632242677,1177.70398693983,907.217609392434,0.910534334569425,9.91121131832529e-08,0.87219190652775,TRUE,"46w3ln1r7kjzlxd3game-level",2223,8,0,2
"47",546,0.0114763451371123,0.00229355898389237,0.889305423474167,0.0128219030088056,0,0.0743276717710413,151.949264494563,45.15263221006,0.964393762486594,9.98481640701598e-08,0.946590643729891,TRUE,"46w3xjq1n2ygo8e2game-level",479,9,0,0
"48",1093,0.0100344091222314,0.00113760458498064,7.3012857728036,0.15140067435659,0.171072528854427,0.00937483195897156,1.87810571753306,0.0537076327469878,0.986300932823539,9.99192802941806e-08,0.981163782632366,TRUE,"4d74xld7vdo9j1dpgame-level",2123,9,3,0
"49",1103,0.0106333233135694,0.00408185560911502,7.03299186230392,0.505048573489326,0.235632957456539,0.0347026727992604,1.9080159825951,0.19266496667644,0.872855522696765,9.9932049413276e-08,0.809283284045148,TRUE,"4d792331rklry48kgame-level",101,8,3,0
"50",183,0.0827631738969969,0.0371361697936708,1.68602035771218,0.23054773224644,0.378586304330067,0.0532804445444378,4.38373690763985,2.0525596059294,0.653170835993078,9.84014478788708e-08,0.504529765704398,TRUE,"4d792331w20xqn52game-level",317,5,1,0
"51",1879,0.0136367692228185,0.00521433477690225,4.47990511280266,0.248748985119091,0.277679867650143,0.0607452608222013,2.60836197837494,0.361483779960378,0.80243478433055,9.9946575127241e-08,0.68389565492888,TRUE,"4d792331xd1vp9wdgame-level",340,6,3,0
"52",6316,5.73106352418576e-12,1.05279524602682e-12,8.4423968176992,0.0531101902846724,0.439932245592,0.0197515277199802,21.4577659457514,0.880790100078539,0.97980264891292,9.99882517893624e-08,0.967684238260672,TRUE,"4d792331zd3xenrdgame-level",542,9,3,0
"53",10000,3.14529458746682e-09,1.12941355582585e-09,2.67185854357397,0.0148078545491813,0.245051656672437,0.140028219219258,1521.18292459086,266.210362518525,0.937222965395767,3.72755774358247e-07,0.899556744633227,FALSE,"4d794qg15dw8eggdgame-level",1894,8,2,3
"54",10000,3.45655064726812e-08,4.58185154997336e-09,2.40391653647318,0.00835662977031659,0.376936127980606,0.037409734942217,1270.0875696551,101.588928559511,0.95902694241053,2.10596367111737e-06,0.947852472158856,FALSE,"4d794qg1wkpvl3vkgame-level",1810,9,2,2
"55",582,0.00746679024342051,0.000375690718305086,1.21150767917543,0.00787953945167947,0.0613305213132872,0.00281644068634463,56.9577846334351,3.86297012260798,0.999383034656999,9.96300106859138e-08,0.999118620938571,TRUE,"4d7nw367wkpyz0jkgame-level",2216,9,1,0
"56",167,0.0304566172576612,0.00305012272792761,1.03054959396082,0.0252728504919314,0.265142635391948,0.0224780515198679,29.6052423392625,5.3367211746312,0.972548306335409,9.83486958539004e-08,0.958822459503114,TRUE,"4d7p4rd7jdr1nqn2game-level",2008,9,1,0
"57",7272,7.38773246756919e-10,3.07581511758795e-11,3.46485332077318,0.0047696447244134,0.8367911607233,0.00213748764183888,431.978247363288,8.79927482629164,0.998672070101503,9.99594039763352e-08,0.998102957287862,TRUE,"4d7y5zd77dgng872game-level",785,9,3,0
"58",2341,2.75040357712232e-05,2.72364015928164e-06,3.76067887585635,0.0316749618202376,0.614617163203891,0.00836033530475365,16.3195254558424,0.813550275846612,0.990054953841278,9.97371814026593e-08,0.986739938455038,TRUE,"4d7y5zd78241elw2game-level",437,9,3,0
"59",1502,0.000130266588188993,5.1168222441266e-06,2.9382554749323,0.00906135186959616,0.743594203415138,0.00247203538413781,21.0024502232323,0.477969111847943,0.999237256378706,9.99310532101561e-08,0.998855884568059,TRUE,"4d7y5zd7zd3oymndgame-level",449,9,2,0
"60",10000,4.85616461221823e-07,6.96236957087266e-07,1.78336629848413,0.0119332543801868,0.572454460800671,0.489053763928742,3470.01043582994,2978.95856005156,0.808936385770181,2.19831460035458e-06,0.69429821723229,FALSE,"4pd03de5zdnw31xdgame-level",2674,6,1,6
"61",2889,1.24640691950656e-05,1.41489861593742e-06,1.6912880056987,0.0124344814033312,0.64939770223813,0.012274606853238,793.901111637977,92.2583729857292,0.963286235022938,9.98436053833984e-08,0.953273390029193,TRUE,"4pd0k21exd1m68d8game-level",2577,9,1,1
"62",10000,4.71985411807624e-11,8.13153718090487e-12,3.48043605420088,0.0168695588210955,0.685610364387741,0.0196040580816634,926.595407837432,76.5485786524188,0.947178434520311,3.52123777136448e-07,0.920767651780466,FALSE,"4pd0k21ezd3ypn2ngame-level",2372,9,3,1
"63",6422,8.28409065650229e-07,1.03340848105511e-07,2.05471797054992,0.0134037029516202,0.301856047416606,0.0273658835593355,911.79620186189,95.8950652778804,0.953485871196022,9.99314226923786e-08,0.939531632554829,TRUE,"4pdver6w9d866362game-level",2590,9,2,1
"64",855,0.0735140368040071,0.0109479657695052,0.450792453053046,0.00637421799435652,0.424736688762023,0.0335070056011541,327.151326214716,134.863564301263,0.968637818205777,9.94456669234367e-08,0.958183757607703,TRUE,"4pdver6wjdrpq026game-level",2181,9,0,0
"65",755,0.0380364133373396,0.0069818307197292,0.563247590786871,0.00886359233445147,0.379970173142873,0.0431824714733515,331.695427576482,138.392645805396,0.974132846820711,9.92254292064843e-08,0.961199270231067,TRUE,"4pdver6wjdz53xdvgame-level",1790,9,0,0
"66",532,0.0715754669013208,0.026620898098983,0.46144044313868,0.0217531749513644,0.663816300640431,0.0628306131122893,303.299251559861,326.173234470776,0.847226828438258,9.97802125368707e-08,0.770840242657386,TRUE,"4pdvgodw9kv7nokggame-level",1743,7,0,0
"67",269,0.0421174942272856,0.012630972049503,0.709215638060587,0.0380320577133618,0.780750113768169,0.0216644931685316,87.00002562279,57.6241207873046,0.843750857392358,9.87083758063889e-08,0.765626286088537,TRUE,"4pdvgodwzd38q8kngame-level",1640,7,0,0
"68",629,0.0101450828742316,0.00128630689257613,1.14130550911628,0.0247452767678725,0.4366523964214,0.00587830471774724,55.8339146749762,11.0721209890563,0.99030690801558,9.99762000963855e-08,0.986152725736543,TRUE,"576rzld87kjrox23game-level",3327,9,1,0
"69",10000,5.48981786547768e-06,7.36575039533377e-07,1.55371099948629,0.00639529937387984,0.764811895382017,0.0130130549238194,2430.67841142247,287.900303281612,0.973999938172487,8.63725372335367e-07,0.960999907258731,FALSE,"576rzld8xk9lwyk0game-level",4808,9,1,4
"70",834,0.00845329708980207,0.000716828059912001,4.02581919150289,0.0543284601785755,0.304970934058404,0.00503562606626278,3.27280224116038,0.12130316318035,0.997069548775316,9.9747957116314e-08,0.995311278040505,TRUE,"76r3q46802q3vykygame-level",1104,9,3,0
"71",10000,2.76996257513756e-06,5.37570758265722e-07,2.13400937189016,0.0231099966961103,0.614171418282492,0.0256392807361839,402.036131249543,62.6698013188211,0.880027606443685,4.2592757287796e-07,0.820041409665528,FALSE,"76r3q468jdz9wg2vgame-level",1767,8,2,0
"72",1154,0.00391777788938707,0.00190695310586855,0.808667096740567,0.0132992399507147,0,0.2870861234329,947.226241325235,676.907650780974,0.872676876169888,9.97544415959339e-08,0.834479939020854,TRUE,"76r3y856mkey8x62game-level",1270,8,0,1
"73",2143,0.00259914099417423,0.000263190146102178,0.881756750649636,0.00747638729551637,0.887987504249999,0.00446023440048594,854.752755110899,147.085291560324,0.971673894424078,9.9957870314249e-08,0.95953413489154,TRUE,"76r9846802qj3z9dgame-level",3316,9,0,1
"74",1390,0.00155195536344717,0.000170814030384827,0.942753073462697,0.00586587828463675,0.530498991785362,0.0253844429581929,954.331825025337,152.155690128856,0.984547954061869,9.99471404528052e-08,0.977925648659813,TRUE,"76rjrq189kv3n02ggame-level",2635,9,0,1
"75",3014,0.0019226828568463,0.000136461933173138,1.37826515909334,0.0095710625182606,0.203894943993828,0.00724417724302004,93.4674162796566,7.75837316211545,0.995587974034996,9.99602469686778e-08,0.99369710576428,TRUE,"76rkwed8ndxmj4r2game-level",1158,9,1,0
"76",385,0.0483482087548351,0.00462674839211602,1.37227957575848,0.0334678431099223,0.403122763788382,0.00883649629407694,9.09308107705261,1.1236619464709,0.964571116758223,9.97939032520989e-08,0.955713895947779,TRUE,"76rkwed8xd1erv42game-level",1680,9,1,0
"77",10000,3.249954795554e-09,5.06816601740206e-10,4.0387994405439,0.0294717558232588,0.338468380264953,0.0179450639264802,126.370297323162,9.34185214591619,0.952665626293272,1.85445398181994e-06,0.932379466133245,FALSE,"76rkwed8zd360xvdgame-level",1799,9,3,0
"78",6795,2.01901161383542e-10,1.09572862941792e-10,2.9152804406762,0.0218559016271973,0,0.308595928396392,2116.08425846928,515.406146051732,0.806325540885998,9.98982908617663e-08,0.690120865417596,TRUE,"76royl68jdz5zg3dgame-level",2670,6,2,4
"79",10000,3.40174142217749e-07,6.20027758419751e-07,1.89255051983666,0.00953481408438102,0,1.52160335066773,2616.78505650625,2623.92399918286,0.834224233456641,2.47612588544222e-07,0.763177476366629,FALSE,"76rq8vd8mkejq592game-level",1795,7,1,5
"80",6051,7.04295278635532e-05,6.80589754291695e-05,1.29648867958326,0.0136706822769948,0,0.637093768162246,1594.72311842079,1312.63566703092,0.894266092835518,9.9931175778778e-08,0.830825748536829,TRUE,"8m1zzm10zd3lvmvdgame-level",1647,8,1,3
"81",4113,0.000344783784838321,2.88337339741317e-05,1.0887363864975,0.00257187371140233,0.380839316126441,0.0258839285124808,1514.4304500182,142.524125184448,0.995846192304248,9.99824988356934e-08,0.993353907686797,TRUE,"8nd20r609d8z16dngame-level",2519,9,1,3
"82",10000,1.36120586315716e-08,1.04834983848068e-08,2.22632187569345,0.00456248611700866,0.0827613387751121,0.577520128850024,3413.6269013966,1237.80645582105,0.965061160945356,4.29872175078394e-07,0.95008737277908,FALSE,"946w031rwkpyr1jkgame-level",2458,9,2,6
"83",112,0.00271953434144262,0.000112024910802116,1.87205495042631,0.00952913769402201,0.0651677893048353,0.000321424464145287,23.4650825980701,0.893226342516216,0.999991670609232,9.74723584068471e-08,0.999987505913849,TRUE,"946wk96rndx8lvkqgame-level",2532,9,1,0
"84",177,0.0793256655449833,0.0114296764682641,0.675911022016261,0.0305568730607537,0.617899809843045,0.00909878580890141,42.4913500755773,16.2602597266306,0.973194172235116,9.61772793628413e-08,0.957110675576186,TRUE,"9d385g1lxk98yv20game-level",2416,9,0,0
"85",783,0.0820995919872572,0.0430945832413045,0.588978249893991,0.0156768974224769,0.295464780286442,0.256877613385245,69.709533796444,70.0013976456522,0.918637529637598,9.99250074906755e-08,0.888126603251698,TRUE,"9d385vg102qrv0zkgame-level",62,8,0,0
"86",1267,0.000854237215331585,0.000178015534621654,3.76681969337811,0.0964953202287382,0.541847808908608,0.0209418949638928,6.52517383647021,0.674521445745312,0.910024442662178,9.98761824355654e-08,0.876283608660495,TRUE,"9d385vg1jdrnlm0kgame-level",54,8,3,0
"87",82,0.180323430861107,0.0275770996402634,1.41212205326512,0.116861196360139,0.596338036725342,0.0168571201760566,3.36379639200047,0.701982097249137,0.915592081127258,9.68804041434623e-08,0.887456108169678,TRUE,"9d385vg1jdznwjxdgame-level",63,8,1,0
"88",870,0.0112245110623099,0.000591457530344099,2.01953231654878,0.0160722724005449,0.551724431980899,0.00273639387480138,9.23606930756927,0.404395344855031,0.998307913021768,9.97907176891744e-08,0.99729266083483,TRUE,"9d385vg1q251mvwdgame-level",63,9,2,0
"89",89,0.176939558930106,0.0328984022774751,1.78961468001663,0.111640500694283,0.490218147334804,0.0246642836218968,2.63208557702129,0.432362729811769,0.918520417117812,9.02323002982541e-08,0.877780625676718,TRUE,"9d385vg1q251xvwdgame-level",39,8,1,0
"90",144,0.0650000415804328,0.0139900571460492,1.89726098172724,0.145492724556726,0.683431336354722,0.0182316383617558,4.22361454643326,0.945767202287625,0.931128965156663,9.73900243783632e-08,0.889806344250661,TRUE,"9d385vg1xk9xvmxkgame-level",51,8,1,0
"91",374,0.01995046194993,0.0020346435602121,1.63644796573674,0.038604368526498,0.597263080773677,0.0115597331295943,10.9361409866421,1.29867379755945,0.954863432703487,9.79773808751361e-08,0.945191311139948,TRUE,"9d385vg1zdny8v7kgame-level",63,9,1,0
"92",109,0.0817151726453801,0.0244211006122585,1.16702437198246,0.124557851681798,0.551580510239508,0.0309589534119714,8.55118309920408,4.14849166019561,0.85267107053213,9.42502467182749e-08,0.764273712851409,TRUE,"9d38e2g1xk9x0vvkgame-level",1222,7,1,0
"93",10000,2.01183205883821e-13,9.27836622619942e-14,3.82808808684648,0.00507906662470403,0,0.204952935302028,2073.21697067657,270.778220497401,0.9905932727917,8.03171728125385e-07,0.98588990918755,FALSE,"9d3r70ed02qlqnykgame-level",2387,9,3,4
"94",113,0.145159247926043,0.0243568605663139,0.689883843542396,0.0413120612153544,0.717142062964709,0.0124663087602225,16.402964149543,6.73735589395371,0.933655947549629,9.79630155883982e-08,0.900483921324444,TRUE,"9d3rpowdwk60p9qkgame-level",367,9,0,0
"95",1509,0.0113841237599719,0.00314443241109473,1.92875392225814,0.109193945835983,0.389173118028302,0.0431579131822639,10.1800353910242,2.79518958461556,0.881673258162608,9.9961110389124e-08,0.822509887243912,TRUE,"9d3rvzwd02q3q97kgame-level",646,8,1,0
"96",288,0.180135454837433,0.0777724554550372,0.330863266528929,0.0138765281461592,0,0.198718202066248,177.776527525309,270.607113624027,0.843789746086091,9.88167769833126e-08,0.796926669911918,TRUE,"9d3rvzwd5dw4095kgame-level",827,7,0,0
"97",763,0.00407399595427077,0.000266514710216033,1.0883520025624,0.00626153819576941,0.485132548830788,0.00888651713813265,157.022463022556,14.0061548074171,0.993248173105138,9.9845026135803e-08,0.990716238019565,TRUE,"9d3rvzwd7kj3q1x2game-level",658,9,1,0
"98",331,0.138548178601339,0.0368088905973716,0.427342610113208,0.0131575562233124,0.0137118013434226,0.0931581058807682,102.021292909404,77.9543130757439,0.959321994636228,9.99238458643248e-08,0.938982991954342,TRUE,"9d3rvzwdjdrvq8n2game-level",703,9,0,0
"99",246,0.00440704585059223,0.000446818951722392,2.07992986486455,0.0274330033753406,0.508354211149294,0.00114755665895608,13.5724907093001,1.12847264070166,0.999698590664259,9.995005889607e-08,0.999517745062814,TRUE,"9d3wgy1lw208nvdngame-level",3155,9,2,0
"100",1293,0.0425582656046758,0.00353888572297028,0.549991265735757,0.00533957313209763,0.840190913016395,0.00494434315872184,311.02557002155,64.3563870268887,0.991371518297985,9.95105353673864e-08,0.986194429276776,TRUE,"9do3e7dpwdmz4wx2game-level",1985,9,0,0
"101",1224,0.0105648119107573,0.00118483570406266,3.39670700352038,0.0732654998167044,0.652215305213311,0.00518147765124534,3.81751364133388,0.236348486117136,0.98812737573881,9.99399037970861e-08,0.981003801182096,TRUE,"9do8mm1p7kjr9nx2game-level",1968,9,3,0
"102",1015,0.0091824422159914,0.00157108386712852,0.779544370771401,0.0139386119021584,0.623472224326549,0.00686735078419011,410.316019719602,134.201301265802,0.995783245560802,9.9762378580337e-08,0.993253192897283,TRUE,"9do8mm1pzdnqyjqdgame-level",3082,9,0,0
"103",624,0.0586068883890822,0.0772217002915927,0.305426006519103,0.0107565443594664,0,0.999265962708009,10811.3091687972,50177.0557663892,0.861985901665954,9.81707696245948e-08,0.779177442665526,TRUE,"9do8p71p02q3wjkygame-level",2179,7,0,-1
"104",10000,3.42058288739739e-10,6.09432420592389e-11,4.46725314669157,0.0329018167280749,0.139665740048275,0.0295726176356895,131.508279194455,9.97064496280247,0.955641009813499,3.43530512747492e-06,0.929025615701598,FALSE,"9do92odpvdo4x3o2game-level",1928,9,3,0
"105",10000,1.39289008825405e-12,4.18306979106885e-13,4.27844815488593,0.0372744625160269,0.538203698970467,0.0338727481779691,590.360972625634,74.2571325053117,0.843576250960107,1.12877894742347e-06,0.765364376440161,FALSE,"9dokge1pwkpne0drgame-level",1822,7,3,1
"106",10000,7.34178594023964e-06,4.80978127416156e-06,1.33361949312121,0.0066979627405632,0.281477810739837,0.342272963371395,7076.56439971238,3791.33247322918,0.907535564571126,3.58093004360072e-07,0.867907949387323,FALSE,"9dokge1pzd3qonkngame-level",6051,8,1,-1
"107",9614,4.50386679102776e-13,5.53716602212488e-14,4.27663023440042,0.016641229845975,0.749201611341269,0.00595505035595933,770.813395783629,42.0972549504874,0.981844029608661,9.99710959570521e-08,0.974062899440944,TRUE,"9dow9e1pjdz89gdvgame-level",3086,9,3,1
"108",2126,1.78414452938528e-05,5.3338385915443e-06,1.67701517576175,0.0414385450463514,0.761029027026789,0.0168692940858056,678.516670805786,230.270091487836,0.90256722649264,9.99208837892951e-08,0.85385083973896,TRUE,"9dow9e1pq25qqv2ogame-level",3012,8,1,1
"109",252,0.0983292391389957,0.0895529329136858,0.367499549434309,0.0209487118538062,0,0.594350948498635,550.811341995045,1563.19888751008,0.823837789383183,9.98772288207661e-08,0.718140463013093,TRUE,"9dow9rm19kvog532rdq50l2d",587,7,0,1
"110",78,0.152407136688076,0.0207028508689318,0.920448805776589,0.0534648763850312,0.126239309965407,0.0328541576249704,7.71977621192055,2.0557288717492,0.93072905715886,9.67861165657169e-08,0.90763874287848,TRUE,"9dow9rm1wdmx1x4kgame-level",572,9,0,0
"111",593,0.0285254617705283,0.00264507960099407,0.56214448081309,0.00469046339616943,0.331272757749771,0.0267959460920696,559.744494154462,121.883191933489,0.986657309227165,9.95701586736786e-08,0.984433527431693,TRUE,"9dowpe1pvdo3l9dpgame-level",2528,9,0,1
"112",3748,0.000116810821818742,4.13954315195344e-05,1.43230526962247,0.031545314493791,0.551710546752831,0.0607173604016382,556.654517482804,215.233193969304,0.83154468651229,9.98528372209151e-08,0.730471498419664,TRUE,"9j1l576gq2540wdogame-level",2266,7,1,1
"113",10000,2.60518253145003e-13,2.72757166456297e-14,5.55393699024705,0.0175076100693827,0.50636912177245,0.00827851137031769,184.420526057546,6.50954527869967,0.979218866921201,1.74101781147407e-06,0.971425942016651,FALSE,"j1l7kedg9kvx31o2game-level",1565,9,3,0
"114",273,0.0294615105181034,0.00767478478531847,0.781327525509105,0.030372703745526,0.129988234775434,0.0696397966839217,91.0246829620327,46.3107808003551,0.940328521760228,9.85627226501862e-08,0.904525634816365,TRUE,"j1ll5le1zdnyqp9kgame-level",519,9,0,0
"115",909,0.00908795529928173,0.000757386031622353,2.45858502137945,0.0351955053782586,0.36034677094405,0.00417717697982503,6.76658310140106,0.414576744745449,0.994415085255483,9.99523138700553e-08,0.992553447007311,TRUE,"j1ll8jv1rkljox8dgame-level",1165,9,2,0
"116",1520,0.00596652983014465,0.00035903225501564,1.25246253548572,0.00971953831730837,0.72027417892451,0.00213176306664069,59.6930715558327,4.76222811581223,0.997537582692278,9.99316174254972e-08,0.996060132307644,TRUE,"j1ll8jv1xk9nzlg2z98np819",956,9,1,0
"117",10000,0.000156462440943352,3.9305701298955e-05,1.22545350777392,0.0102517013056709,0.481882020778667,0.0586942081613063,1274.8360245594,337.597779554293,0.934271833070481,1.02677981117516e-07,0.901407749605721,FALSE,"j1lq546g5dw1570kgame-level",2389,9,1,2
"118",3156,0.0154989831482466,0.028299098521583,0.501016532002137,0.0142156678486383,0,1.26364124274463,4093.07835836313,15882.4216506709,0.790728730443336,9.97512900058339e-08,0.665165968709338,TRUE,"j1lzzj6gw20ppjzkgame-level",2420,6,0,-1
"119",6586,1.19303668898199e-08,4.93852956632756e-09,5.31194172489872,0.106133081624106,0.408745403956849,0.0490626657679201,31.0177400084238,4.54565834143432,0.810285112598991,9.99259649470119e-08,0.696456180158386,TRUE,"j1n8ekw1zd3vj3n2game-level",91,6,3,0
"120",1621,0.00101843805138732,0.000178186956841605,4.16300702476113,0.0726222253021044,0.580856814700335,0.0185737898738259,5.23271353398088,0.370984955570519,0.967566985563523,9.99858522643393e-08,0.948107176901637,TRUE,"j1n8q9l17kj90gn2game-level",22,9,3,0
"121",1940,0.0149619941555968,0.00288212051420269,6.02023562616968,0.247722853982175,0.483936924772801,0.0209278323341182,2.00976846855266,0.122031845812423,0.888622879238292,9.99959006708906e-08,0.846856458952652,TRUE,"j1ne4y91rklq1l62game-level",1444,8,3,0
"122",10000,9.21343582236682e-08,5.14908259667917e-08,2.26916414686744,0.021708461407964,0.381501021519929,0.178442171131503,1260.42033452236,396.510869370001,0.780711368823221,3.34950786662347e-06,0.671067053234831,FALSE,"j1ne85l1q25qwgw2game-level",1603,6,2,2
"123",30,0.194440258862877,0.0538597005010516,0.974556519151038,0.096530068261075,0.159026756970686,0.0739048991450481,5.3676229838688,2.41904326203211,0.877904370964812,8.73211584151434e-08,0.816856556447218,TRUE,"j1neozx1wkp04lg2game-level",194,8,0,0
"124",10000,2.77459932533836e-09,5.05992486425966e-10,2.73914614934721,0.0188307862950248,0.394180251176421,0.0303223242976198,1330.12693580852,154.331346998454,0.949978160792681,7.12136121627793e-07,0.91996505726829,FALSE,"j1ng5w6pmke6yjd6game-level",3026,9,2,2
"125",10000,7.19196415134302e-10,1.53142624473624e-09,2.48742420766663,0.0045660140153721,0,1.97128629811543,4739.70364560063,4131.05713904543,0.966198119238043,1.77517281729767e-06,0.949297178857065,FALSE,"j1ngme6pwk6w70o2game-level",2394,9,2,-1
"126",604,0.00650779759424156,0.000716662334607173,0.878509547088278,0.0153696221603193,0.0385362308126972,0.0137944758520432,308.282998149839,69.5540718150277,0.980238485437803,9.97707491068311e-08,0.974848981466295,TRUE,"j1npme6p9d86nz62game-level",2604,9,0,0
"127",2152,0.000101351673529677,7.54396045670417e-07,2.4366864643192,0.00139808436131423,0.467895023819338,0.00124166460098826,43.5692974447936,0.227444442474143,0.999968331796452,9.98742029079125e-08,0.999949330874323,TRUE,"j1npme6pxd114pzdgame-level",114,9,2,0
"128",320,0.00626159041358106,0.00108555679824506,1.09090529942177,0.0297064051501107,0.186794783420325,0.0109916817181896,104.643619180945,29.8820414584021,0.992086834603705,9.99856724082093e-08,0.98944911280494,TRUE,"j1npme6pzd301qedgame-level",2627,9,1,0
"129",872,0.00872433249693053,0.00176400949346267,5.00986344353489,0.163636800765954,0.438807686444197,0.0102464704241019,2.57657446809304,0.183641234042417,0.981670942798927,9.99455394001814e-08,0.970673508478283,TRUE,"j1nqoy1pzd30e6vd5wkk0z2w",2051,9,3,0
"130",708,0.123913164289411,0.0454863597449352,0.299566813744758,0.00842119157300612,0.0920228846818082,0.208111685251029,1064.91058396253,1513.59075472686,0.923813210547596,9.91712350018048e-08,0.895243164502944,TRUE,"j1nqoy1pzd30e6vdgdrprm6w",2030,8,0,2
"131",1136,0.0107773339772902,0.00413512770858891,2.16524325222189,0.157800101234489,0.502943546293144,0.0249130207140576,8.1034255802238,2.67158648030558,0.879402491669572,9.9933754382775e-08,0.807043986671314,TRUE,"j1nqoy1pzd30e6vdywe20ryw",2077,8,2,0
"132",10000,9.51542502035158e-09,3.50001357632763e-09,3.08494037668116,0.0415603094320383,0.451295614297023,0.0746695722489789,398.323203044824,79.6219936866659,0.855980288977147,1.25310760412667e-06,0.769568462363435,FALSE,"j1nqoy1pzdn0zq72game-level",1026,7,3,0
"133",1488,0.000254680217380405,1.68540176935647e-05,1.86132546072895,0.0113540536745634,0.836996575802228,0.00268101445517944,85.2873586842941,5.34534047820794,0.993422757164838,9.9765088967807e-08,0.989476411463741,TRUE,"jy65301e02qljx7kgame-level",1066,9,1,0
"134",8501,0.000491554156914611,2.14012239268829e-05,1.88412244469988,0.00915226807222667,0.396910660377786,0.00451505799199552,57.0101294998762,2.43707280020252,0.996580738779884,9.99939543389061e-08,0.994871108169826,TRUE,"jy65301ezd37yme2game-level",1337,9,1,0
"135",466,0.00624550876550276,0.00108012600455835,2.43357455911044,0.0596665657691328,0.123330227808046,0.00702476280527332,8.05084068066849,0.983854907433258,0.996441926337182,9.95095530420542e-08,0.994307082139491,TRUE,"k6q474zd8240o13dgame-level",514,9,2,0
"136",5366,4.45040097825294e-05,2.45557277540589e-05,1.29400466199681,0.00982468548624474,0.128417225218364,0.326866564947542,2306.18565122273,1118.94222102865,0.932796593021866,9.99930199752086e-08,0.892474548834985,TRUE,"k6q4kzdg7dg8xn425920qp3d",2338,8,1,4
"137",799,0.00827644019253692,0.000640879483152194,1.59502797629205,0.0265591219427445,0.229667553769738,0.00742007552243484,20.2024632352519,1.99191177769451,0.996850065119057,9.9740535497439e-08,0.995275097678585,TRUE,"k6q4yozd9kv7yjjkrdnr0rqw",717,9,1,0
"138",10000,3.6393896382692e-09,7.45657106641347e-10,4.48661978820194,0.0403399404721263,0.662556123438175,0.0161322109023991,76.0185668313087,6.43165455422428,0.898260510653368,1.1525735686968e-06,0.864347347537825,FALSE,"k6qgnmdg02ql5m9k29vmooq9",1020,8,3,0
"139",558,0.0249566922947329,0.00205722045716014,0.696110920296352,0.00676548968456816,0.19430815525279,0.0213682294011849,200.68978002792,34.1062390077231,0.989119651988162,9.94240935137114e-08,0.985492869317549,TRUE,"k6qgnmdg02ql5m9kgdre30e9",1186,9,0,0
"140",223,0.0104220064108069,0.00155353167297857,1.16203213953278,0.0316372907843867,0.505472681545024,0.00980233893007264,50.7778800003832,11.9432584430771,0.971921671351557,9.92139855826579e-08,0.962562228468743,TRUE,"k6qgnmdg02ql5m9kn93q6v2w",1160,9,1,0
"141",177,0.0455838547716896,0.00339823675929682,0.797788178437871,0.0163552776536754,0.117409642736214,0.0088684129682574,47.9881657954185,8.29246743015629,0.996312924601581,9.88657997691433e-08,0.99410067936253,TRUE,"k6qgnmdg02ql5m9ko9xz1j3w",700,9,0,0
"142",10000,1.02826522916837e-06,2.34725488514007e-07,2.10218846116354,0.0221556218467783,0.414372843562273,0.0372074488681395,705.358821640247,125.351196636655,0.904259709941393,1.8220016264614e-06,0.856389564912089,FALSE,"k6qgnmdg02ql5m9kr9g3mp5w",1529,8,2,1
"143",1163,0.0104512094005995,0.000617569233367458,1.50400023323663,0.0168057877511795,0.0646361003951415,0.00723538835447198,20.7512046502352,1.51848020003305,0.996747079754846,9.99871412332709e-08,0.994795327607754,TRUE,"k6qgnmdg02ql5m9kr9gxek5w",948,9,1,0
"144",602,0.00173508110313739,0.000650000406618003,1.27422637374454,0.0621160243778062,0.564025195230896,0.0339305146689544,146.74184626449,78.8279619170079,0.827461019339752,9.97751962161786e-08,0.741191529009628,TRUE,"k6qgnmdg02ql5m9kxd0kzzm9",1076,7,1,0
"145",1829,0.000714396816078456,0.000138166953040398,1.56046945889232,0.0306524162227729,0.806352035821124,0.0126516634090538,103.776430130726,22.3251371354421,0.927752166201213,9.96466666958185e-08,0.884403465921942,TRUE,"k6qgnmdg02ql5m9kxd134r59",798,8,1,0
"146",2406,0.00046508898358227,4.61223290139446e-05,1.49680109442648,0.0156055278785814,0.606759013007701,0.0094984289706937,168.418827878621,20.1600437307266,0.966270985617571,9.98452773792735e-08,0.953622605224161,TRUE,"k6qgnmdg02ql5m9kxd40qqq9",1229,9,1,0
"147",2,0.00623902832590825,0.00233175046576191,0.999925530104861,0.0513656364485212,0.297722502740168,0.0711669938632753,160.341983702965,101.750235856007,0.824798275657703,4.84226134744858e-08,0.719677241052324,TRUE,"k6qgnmdg02ql5m9kz98r1yrd",1180,7,0,0
"148",852,0.126684579591524,0.045591594156201,0.303631483198693,0.00673822885381207,0.0864472763278942,0.199967711643405,901.880311580222,1205.15339972638,0.931090673764024,9.99109035504375e-08,0.910417875893231,TRUE,"k6qgnmdg7dg9n7lkgame-level",1329,9,0,1
"149",8359,0.000190918752830308,1.94407755368821e-05,3.20126941955159,0.0300955587095864,0.433124103373992,0.0159949045866769,14.5135598351212,0.826652938041363,0.920116500739471,9.99969093085085e-08,0.901681847063965,TRUE,"kdk5e2dmjdrpj7x2game-level",1640,9,3,0
"150",63,0.251291223925963,0.0513907343274886,0.827862524649994,0.0874593437182378,0.641067006571689,0.0240510129345608,5.30327103036529,2.24476559802483,0.839771902527424,8.78159922557131e-08,0.77110271789632,TRUE,"kdk5e2dmw20zj3odgame-level",1649,7,0,0
"151",10000,1.97087760281838e-14,2.99601371487232e-15,4.82028523074841,0.0170234491393445,0.507776152264788,0.0269763570180953,697.049070853009,38.0988904020758,0.966271804986847,7.4633027291604e-07,0.946034887978955,FALSE,"kdkqxgdmwdm9mxkqgame-level",1899,9,3,1
"152",8314,3.64264764504953e-07,4.26623819011652e-08,2.18787169292585,0.0109994766470335,0.296737151216592,0.0295384022440507,876.702235152819,76.7974693601593,0.984654494521849,9.99514307986615e-08,0.978077849316927,TRUE,"kdkxgg6m9kvmwxokgame-level",1679,9,2,1
"153",150,0.0918322692286646,0.0219004035471707,2.68534735228596,0.251677766938822,0.457729502017788,0.0271978031556154,2.43316480351179,0.418860412221017,0.898349227347848,9.41171599544433e-08,0.847523841021771,TRUE,"kdkzvmldn2y5pv7kgame-level",75,8,2,0
"154",91,0.0190944767946532,0.00461678125566889,0.822781049545132,0.0430761928046481,0.546944284119797,0.0158114241664542,122.84791984071,67.0428702696596,0.974075518901994,9.92471043126386e-08,0.958520830243191,TRUE,"kdkzvzldzd3638rdgame-level",1230,9,0,0
"155",1048,0.0472377890635773,0.00826583918480527,0.484051500219196,0.00683220012016685,0.587399416119517,0.0292922450351613,547.998955647078,246.87821396574,0.979572897144969,9.99916611732488e-08,0.96731663543195,TRUE,"kyd49x1e7dggn7d4game-level",2520,9,0,1
"156",10000,1.7410388582541e-09,4.29443294634466e-10,3.59874106513215,0.0212408927057211,0.72476045887245,0.0268913175620442,271.618862280361,27.6017286389792,0.926724148978456,4.1640353032335e-07,0.88275863836553,FALSE,"kyd4pxde824p8g25game-level",681,8,3,0
"157",2573,9.03751576246676e-06,1.30423278833333e-06,2.59960885641657,0.0254821508490053,0.702958268542381,0.0104185790873844,87.1511299215564,8.65468411896627,0.967993023214444,9.98955432818249e-08,0.94878883714311,TRUE,"kyd4pxdejdrq3ggkgame-level",1314,9,2,0
"158",6980,6.38635168902057e-08,1.21564035658653e-08,2.94461183638576,0.0246234201530582,0.688509926452037,0.0159514176066082,277.562079959317,31.0007673420468,0.954806819086269,9.99274456514598e-08,0.932210228629404,TRUE,"kyd4pxdevdo4yv2pgame-level",710,9,2,0
"159",10000,7.09733040614473e-12,1.37898223839854e-12,4.47207761350222,0.0244730736753483,0.712790355186472,0.0183321108213958,311.174114808329,23.2945114752143,0.915128442760512,1.66520001121384e-07,0.89198165442247,FALSE,"kyd4pxdezdnwj6edgame-level",1532,8,3,0
"160",968,0.0303762779270556,0.0313612999488766,0.413209773775481,0.00983604034892249,0,0.741593625857246,4703.11028357733,12697.650077171,0.897165607680348,9.85589788671248e-08,0.835464972288556,TRUE,"l3dx4g6y7dg6olk4game-level",2622,8,0,-1
"161",1049,0.0109918292239291,0.00358617960593759,1.39308187746887,0.0906377936680106,0.735528213687324,0.01023070149066,25.4791195765229,11.3347268967616,0.886166249470981,9.99880841456857e-08,0.837380356387116,TRUE,"l3dxny1ywkpy9wkrgame-level",3801,8,1,0
"162",279,0.121052223636353,0.0237809894945046,0.396755585614617,0.0132793567502507,0.54930796259067,0.0353507708332978,204.793058568489,137.881754401172,0.957484343055221,9.96953410936641e-08,0.931974948888354,TRUE,"l3dxogdyjdrqy7lkgame-level",2232,9,0,0
"163",10000,5.02154417108939e-05,1.61242402792e-05,1.14149498909708,0.00321102394756376,0.717109285995053,0.0686713269371876,5837.89549487866,1784.60690229594,0.973516058190749,2.50712540506015e-07,0.96358458001228,FALSE,"l3dxogdywk68zp21game-level",4436,9,1,-1
"164",6,0.00222984470419959,0.000159189904155831,1.00725163969962,0.00631881270421015,0.0165291133538667,0.000373639114180962,429.175048997536,46.7391501237663,0.999993759802626,9.69359941205283e-08,0.999991085432323,TRUE,"l3dxogdyzd30z7rdgame-level",4370,9,1,0
"165",475,0.0351084831617355,0.0100375332772731,4.07731410274502,0.322995129978921,0.504001159330542,0.0477735779021022,2.27379602433268,0.307401728991477,0.802393716458839,9.94008688692816e-08,0.703590574688258,TRUE,"lde3nex69d8xnz32game-level",13,7,3,0
"166",1365,1.48405344488822e-05,5.99811487437983e-06,8.90500200342145,0.316063690009462,0.296443855392733,0.0586214830634967,3.48521050417573,0.312626086788924,0.893704349280856,9.99318223726675e-08,0.82992695884937,TRUE,"lde3r2l6ndx4nzo2game-level",10,8,3,0
"167",3022,0.0164624202437854,0.00119470759670897,6.88746125133997,0.0709743015871209,0.613834095452331,0.00649590600667816,1.81530557864086,0.0302813139296507,0.965077093159064,9.99143620061815e-08,0.957593613121721,TRUE,"lde3v3x602qvy0jdgame-level",38,9,3,0
"168",92,0.152983878778215,0.0254981009761499,2.54529052330437,0.180470095582607,0.515890192831342,0.0159690868211946,2.09092480644643,0.246271922427266,0.919208659215963,9.53152573535121e-08,0.888911906421949,TRUE,"lde3z9l6xd17m77dgame-level",728,8,2,0
"169",638,0.00740227936344551,0.00115192474391723,8.51320660987234,0.201758553525079,0.35894111545556,0.00608256911826402,1.77940181922522,0.0568287888038352,0.993570988130175,9.95067125364457e-08,0.990356482195262,TRUE,"ldej3o51824l9qgdgame-level",15,9,3,0
"170",22,0.129551654789429,0.0332431987413833,1.01242420315705,0.114924913363329,0.64215802879103,0.0257511242638168,7.52774968120541,3.63283958851468,0.85595137974024,9.95331342901196e-08,0.807935172986987,TRUE,"ldej3o519d8on532game-level",237,8,1,0
"171",10000,7.49906680187128e-05,3.34519098267247e-05,1.66393978949986,0.031423688361266,0.559959762996296,0.0991015742651328,301.336478239536,113.268681257883,0.667523081085845,8.08045863109896e-07,0.525032972979779,FALSE,"ldej3o51wk60wgpkgame-level",558,5,1,0
"172",1648,0.0121555656277001,0.00178326673867129,7.32443690526278,0.175260615336629,0.150673458593317,0.019768837398397,1.8259304928846,0.0628782481110391,0.962472453066512,9.99397351542086e-08,0.946389218666445,TRUE,"ldejjmj182484nmkgame-level",12,9,3,0
"173",10000,5.98633957545389e-07,6.44956435259537e-08,2.06099322990464,0.0105684827901852,0.540370435763149,0.0170256035453127,1045.53767272538,91.9290629441395,0.923957828920584,4.47713924822679e-07,0.903219054989834,FALSE,"ldemjl13ndx8xljkgame-level",3341,9,2,2
"174",1096,0.0405409691179898,0.0446537789783832,0.388710126854097,0.0134231325817718,0,0.779621008706825,3813.70476923054,11892.5246269535,0.807981532118956,9.9254876984034e-08,0.743975376158608,TRUE,"ldemjl13rklg6mwdgame-level",2162,7,0,-1
"175",2316,0.0295776947878683,0.0124563822748157,0.61373791364126,0.0231256583664254,0,0.141113228343599,309.991334029287,279.718678362612,0.867976262467742,9.8937592452053e-08,0.801964393701613,TRUE,"ldemjl13z277x442game-level",1695,8,0,0
"176",362,0.00927230242981531,0.00110439551127438,1.34754255837947,0.0255081237646406,0.0240642749545912,0.00486415515301515,32.2502432831899,4.97104877520744,0.996764080715461,9.96356426252731e-08,0.995685440953948,TRUE,"m1m2oxd25dwpp7ekgame-level",1675,9,1,0
"177",10000,7.61662690953821e-14,7.80123230720957e-15,7.00199321728138,0.0211235732224369,0.0231682035456296,0.0158622220987449,74.7309377501068,2.06570701742528,0.985659463527267,2.15266833258898e-06,0.978489195290901,FALSE,"m1m2oxd27kjzg3gdgame-level",1542,9,3,0
"178",518,0.0932491383461225,0.0155320426774693,0.418566179824978,0.00582857660985779,0,0.068007263237265,289.487793679674,138.048304846489,0.951652513586664,9.9400572439734e-08,0.941983016303997,TRUE,"m1m2oxd29kvpggjkgame-level",1916,9,0,0
"179",10000,8.11116914750348e-21,1.50367197657981e-21,7.67525269769247,0.0253928019597605,0.226302082224881,0.0236746000236662,414.593807477364,18.281116305471,0.980246013708981,2.0709018417886e-06,0.970369020563471,FALSE,"m1m2oxd2jdz34wr2game-level",1824,9,3,0
"180",2,0.00392573157727282,0.000340293924125348,1.00005710290309,0.00759976718912184,0.165478286077505,0.015694399147476,254.649021913082,32.793045091046,0.990669001734982,5.86142344660701e-08,0.986003502602473,TRUE,"m1m2oxd2z273wr5dgame-level",2277,9,1,0
"181",10000,1.77923412952569e-11,4.60743293697196e-12,3.12144303688132,0.0229246311825167,0.439495911713529,0.0409324324726336,2778.72321612609,392.351027708709,0.866271577817567,8.81720465384372e-06,0.808959396882239,FALSE,"m1m7pp127dgyx4d4game-level",4944,8,3,5
"182",10000,2.39083034141198e-15,2.02875598056918e-15,4.33030326450008,0.00710337650695435,0,0.676431403604399,2379.80893877245,496.693566999663,0.943248377333466,2.27705349298279e-06,0.926222890533505,FALSE,"m1m7pp129kvn60dggame-level",2122,9,3,4
"183",10000,1.86894207887014e-18,3.13225287380118e-19,7.90175754960644,0.0295809974363641,0.240026124082253,0.0195251270081214,175.227654369461,7.10540767505104,0.980908633855417,9.25589171862917e-07,0.969453814168668,FALSE,"m1mgkj12zdn8l8edgame-level",1663,9,3,0
"184",2380,0.000487610637519258,7.26394083534458e-05,1.17266393119894,0.0122878011878273,0.720651637483458,0.0152163654467919,667.230972024721,130.229461460427,0.958745911973757,9.98778468819239e-08,0.943275628963916,TRUE,"m1mjnk129kvpyw0kgame-level",2248,9,1,1
"185",86,0.177160652712193,0.0228717033664111,1.37291845420422,0.0666578885663207,0.178238980775274,0.0401369783767093,3.52753046915238,0.5476097912459,0.946765344606662,8.94501165360495e-08,0.920148016909993,TRUE,"m1mnjexdzd3qj78kgame-level",21,9,1,0
"186",7596,7.08962920415606e-08,1.05153279150772e-08,2.86508116537847,0.0215633347556419,0.102408369739959,0.0362988674971018,312.85901309381,29.7253991440008,0.943941108535657,9.99485332275896e-08,0.925254811380876,TRUE,"m1mr7j62wkpq8x0dgame-level",1545,9,2,0
"187",1128,0.0111264560556742,0.00446523510689767,3.29391762730021,0.265995361289771,0.179969564677325,0.0416169183915877,3.91837731434829,0.909529786328371,0.850409136086286,9.98524173345672e-08,0.775613704129429,TRUE,"m1mx4jx6wdmx463kgame-level",267,7,3,0
"188",3614,0.0110842868660609,0.00357676497619287,0.768056120209088,0.0190754506685701,0,0.109702028669466,351.372213143468,198.778527626769,0.851509442624609,9.99077293117878e-08,0.806962275411991,TRUE,"m1mx75p6mker558dgame-level",1276,8,0,0
"189",1028,0.0101733781022592,0.00102989575696653,1.66201031806077,0.0395709499313682,0.133321988074932,0.0178616762567085,15.8077588990343,2.00182847242736,0.989166798711514,9.92459252557865e-08,0.982666877938423,TRUE,"m1mx75p6xk9vr84dgame-level",489,9,1,0
"190",1013,0.00346621705174375,0.00129691143488743,4.53047397439121,0.241090049609995,0.598047314919897,0.0595270669757937,3.49157506658083,0.520679834219575,0.731436266322904,9.99143825453075e-08,0.570298026116646,TRUE,"m1mxl7p6wk6wx0r2game-level",29,5,3,0
"191",361,0.0780066790513515,0.0119791053126131,3.27650145184713,0.132904026477719,0.499423332473118,0.0245933976353143,2.17833842954721,0.170889095596028,0.893737803950493,9.78162185694131e-08,0.8647572050279,TRUE,"m1mxrr36w208pvodgame-level",10,8,3,0
"192",2950,0.00208335675145377,0.000823347723858417,0.871031028801941,0.00511376432112445,0,0.238822577601658,1197.38243715592,593.100103416802,0.956807791651655,9.99323317429912e-08,0.943850129147151,TRUE,"m1z9l2d05dw6zee2game-level",1487,9,0,2
"193",97,0.186238893804127,0.0306990712873611,0.446333476212204,0.0327369733743562,0.166086525999242,0.0223107519493205,43.1907455776112,27.8800138347037,0.909829760404992,9.97265926505619e-08,0.890507566206062,TRUE,"m1z9l2d0824m59e2game-level",1651,8,0,0
"194",10000,5.76204233622565e-14,4.30080792613336e-14,4.46016135706047,0.0222542367022772,0,0.476893572086516,929.765068942227,187.303273717579,0.754893096852564,4.42519215315684e-06,0.607828954964103,FALSE,"m1z9l2d09kv95582game-level",981,6,3,1
"195",748,0.00825265967038329,0.000714241219641839,1.439264919416,0.019526473225139,0.0832264847100587,0.00631158564854334,28.0251987267663,2.95253257120573,0.99735556644288,9.9580248602571e-08,0.995768906308608,TRUE,"m1z9l2d0mkeqo0xkgame-level",1370,9,1,0
"196",1184,0.0108364449860628,0.00140778134794495,4.20922278047751,0.111042685605951,0.182195387737955,0.0114991444035931,2.92994125193735,0.173518422477468,0.97601051022434,9.99049579730737e-08,0.968014013632454,TRUE,"m1z9l2d0n2y9zxzdgame-level",1505,9,3,0
"197",1011,0.000331640358213825,0.000146693889619675,1.28023356630073,0.00940601196851168,0,0.145896423864828,522.074760801774,204.383225121901,0.987975827070696,9.92604939353825e-08,0.983466762222207,TRUE,"m1z9l2d0q25ezlg2game-level",930,9,1,1
"198",10000,1.01950677413153e-17,3.55534839309378e-18,8.41749609478659,0.0615456757524856,0.00270789166729382,0.0732239626046039,104.377336264944,7.87151520076085,0.824680918919595,2.73508957127078e-06,0.737021378379393,FALSE,"m1z9l2d0rklqveq2game-level",1023,7,3,0
"199",2002,0.0143789488206191,0.00207717217918837,6.8655041618166,0.180904840755566,0.324092184039188,0.0165861741004735,1.8549730019013,0.0692314656877355,0.910945953774246,9.99216714925311e-08,0.888682442217808,TRUE,"m1z9l2d0vdoxwxodgame-level",327,8,3,0
"200",3178,5.32113972631208e-08,3.29995133424515e-09,2.64230722652244,0.00819558536553031,0.20878948545253,0.00903835018705664,566.102890798473,24.4166909223562,0.996767367267504,9.99925111599964e-08,0.995151050901256,TRUE,"m1z9l2d0wkpmj40kgame-level",1582,9,2,1
"201",1050,0.00971682333005165,0.000960836625455698,2.66000122720534,0.0465558822564652,0.0843461051267494,0.0089774922702038,5.70912379902782,0.386304079698822,0.991474820826065,9.97594030716087e-08,0.987821172608665,TRUE,"m1zgg060w20zxjodgame-level",1333,9,2,0
"202",2468,0.00728592742269407,0.00474043461383327,0.701193680191962,0.00885548800400638,0,0.437679871245615,1117.87897170556,1136.36194552796,0.954111561570245,9.98569252841364e-08,0.926578498512391,TRUE,"m1zgg060wdm46p3dgame-level",1063,9,0,2
"203",5152,0.00942670930342426,0.00366240175599655,0.61245629838097,0.00692760374942443,0,0.255441016758785,2029.56582552039,1462.28964608834,0.934867525509925,9.77175601546421e-08,0.906953607871322,TRUE,"m1zmqx60mkeoo1jdgame-level",2372,9,0,4
"204",10000,1.42525237319865e-05,3.80016730042896e-06,1.5092872019896,0.00682399771438758,0.211126595061395,0.116059430377547,1625.02066467195,341.397075616266,0.964086675577647,4.75877984684736e-07,0.942538680924235,FALSE,"m9dozm1pwdmqx52qgame-level",2199,9,1,3
"205",306,0.0216684965159607,0.00134242780881248,1.08544357933956,0.0135031830469256,0.688405611656059,0.00564123333504926,34.132771703595,3.44718643716431,0.990201076281494,9.9912423001669e-08,0.98530161442224,TRUE,"n268p5dpnxd13rk8game-level",2358,9,1,0
"206",2082,0.000806575463542214,4.87920991580351e-05,1.11958392221049,0.00627172300956143,0.534616182239351,0.00760208829583036,579.362700906334,51.9514933021181,0.98091194308666,9.98523813633412e-08,0.975706109383022,TRUE,"n4d7r1727wk6prd1game-level",3198,9,1,1
"207",279,0.0645330266058584,0.00525738441683274,0.567712682374891,0.00923988776876362,0.320842346336494,0.0139999056322936,124.886262411602,27.7336751891775,0.986998617244981,9.85346724213798e-08,0.981426596064259,TRUE,"n4d7r172p7kjv4k3game-level",2664,9,0,0
"208",1214,0.00626156418119361,0.00046916792652822,0.836621319665859,0.00649766450480539,0.517531443207352,0.0130522960162762,430.119912227262,58.7790638396312,0.98588460900503,9.96650968421164e-08,0.979835155721472,TRUE,"n4d7r172q254wgdogame-level",2484,9,0,0
"209",614,0.0567746572342537,0.00838311651115012,0.50171260740036,0.00931364096468379,0.603104803252148,0.0214513157984867,304.218425548522,121.823164417143,0.976185851860558,9.97251256018572e-08,0.961897362976892,TRUE,"n4d7r172xn2yqmkogame-level",2488,9,0,0
"210",263,0.0612751804618693,0.00804290220516526,1.96692329241953,0.0681546678231552,0.427614200370269,0.0127942764480849,4.13575208075112,0.479437537219687,0.964303042223542,9.87754327219648e-08,0.949004346033632,TRUE,"nd28g0edrkl56rw2game-level",120,9,1,0
"211",1024,0.0101652646279262,0.00289841158801448,2.31074459779157,0.12088470722288,0.23187277518964,0.0205209212178305,7.28519508353496,1.65578276406708,0.914881794878294,9.99398463985557e-08,0.886509059837725,TRUE,"nd28g83d7dgmvnxdgame-level",939,8,2,0
"212",47,0.177629324129815,0.0386649088310535,1.7793882818236,0.171088102214295,0.412376614026747,0.0236250007418104,2.64098491472804,0.569675831805048,0.91514411378656,9.36096685721921e-08,0.87271617067984,TRUE,"nd28g83d824nzgwkgame-level",234,8,1,0
"213",1461,9.85376144403666e-05,7.88781201055414e-06,2.15976086067854,0.0122032311530393,0.476131978091281,0.00782812573723885,71.6175141654954,4.38284337056588,0.996646005316751,9.99838175586021e-08,0.994969007975126,TRUE,"nd28g83drkl5olq2game-level",521,9,2,0
"214",901,0.0154691954277166,0.000870077839624896,1.05598552288063,0.00509184632617868,0.146438915699398,0.0118987416044794,51.8254049359059,3.74698090205077,0.997641263060674,9.99399838441661e-08,0.996226020897078,TRUE,"nd28g83dvdo5e81kgame-level",176,9,1,0
"215",10000,2.70086636379291e-14,6.18520742642443e-15,6.72403251126928,0.0380520320426161,0.636801383127673,0.0277499552376396,104.210304076859,6.28937534460405,0.916944171210233,5.58255236127181e-06,0.867110673936373,FALSE,"nd28g83dwdm5pxx2game-level",331,8,3,0
"216",1415,0.000349200316496523,0.000111921246482226,1.21343108143415,0.0107886436452368,0,0.15878828668268,706.130233050229,227.696219424108,0.932377299997648,9.76572273048149e-08,0.898565949996472,TRUE,"nd28g83dzd3jzwy2game-level",1259,8,1,1
"217",1069,0.000147442356578667,4.02840916404763e-05,1.23425217848275,0.0137406384289263,0,0.0894012193847886,1271.1881124471,382.54874595982,0.827648188750538,9.90666901845572e-08,0.795332224141264,TRUE,"nd2e9erd5dw7zllkgame-level",2610,7,1,2
"218",442,0.00441633538047216,0.000188804753890482,1.02838250372936,0.00641346751903608,0.113056156673905,0.00677675350708531,194.959148776301,14.5157026140259,0.981333722270841,9.99382067101706e-08,0.978788320762319,TRUE,"nd2e9erd7dg4popdgame-level",2547,9,1,0
"219",52,0.190486566043284,0.0322571446506815,0.710159777088872,0.0706934520815379,0.348324684957893,0.0230398764028341,10.3287403546182,4.86367048935021,0.856639303982855,9.92452573456148e-08,0.831340357626889,TRUE,"nd2e9erd7kj6vw42game-level",518,8,0,0
"220",881,0.019515043677748,0.00108091400461287,0.829815482851023,0.00850328670261228,0.0352226842530391,0.00321861345785317,114.882470011019,13.2528508755182,0.99089207451977,9.95562582373211e-08,0.989916225361174,TRUE,"nd2e9erdmkeqm06kgame-level",2230,9,0,0
"221",316,0.133233967468468,0.0198371590912978,0.589736058561426,0.0149532677446119,0.263758190658977,0.0398324625324565,30.5047521589199,10.345127012199,0.958913161720709,9.75864422603223e-08,0.943505597365974,TRUE,"nd2e9erdn2y9z41dgame-level",180,9,0,0
"222",119,0.0348998558170289,0.00559004318109965,3.03337696692459,0.147838036790103,0.0936090903349834,0.0228573619133491,3.02260156757003,0.322550245649653,0.98058301717522,9.9239707784804e-08,0.973301648615927,TRUE,"nd2e9erdndx5pwjkgame-level",117,9,3,0
"223",10000,1.78258038301366e-07,9.74188191317159e-09,2.45033776406687,0.00709159944997794,0.00411235198433362,0.00757321552784422,567.929087561312,23.0907486630474,0.976785989229801,2.00543513795282e-07,0.973620442306592,FALSE,"nd2e9erdvdom79v2game-level",3293,9,2,1
"224",1587,0.000774192153703762,5.99467727166693e-05,2.9157940843421,0.024376545736053,0.0157711477228795,0.0167427749447112,11.6680864634002,0.549515588869513,0.990157683122386,9.99465710194158e-08,0.984252292995818,TRUE,"nd2evpqdwdmv5yedgame-level",50,9,2,0
"225",28,0.145541835570777,0.0581763415317523,1.026905368938,0.224898506785083,0.293895858609749,0.0878499562601823,6.53253985902659,5.22785600837757,0.752047051387504,8.48717145451872e-08,0.603275282220006,TRUE,"nd2evpqdzd3oj9edgame-level",203,6,1,0
"226",3026,7.74397247289618e-06,2.30901728887849e-06,2.04508848421437,0.0413456830035196,0.0824823480058168,0.0612190207650766,315.628396785224,82.7382974921856,0.870723347636144,9.98551090702904e-08,0.822244602999697,TRUE,"nd2ggq10n2yqzq8kgame-level",1881,8,2,0
"227",2658,5.35194191748043e-06,2.37564004439275e-07,2.00217910003001,0.00578122650772522,0.0281796703781239,0.00818551754890932,429.413461188873,17.0370098910143,0.997222506198124,9.98055222911631e-08,0.996032151711606,TRUE,"nd2ggq10ndxjww12game-level",2503,9,2,0
"228",6115,4.16198497469214e-05,2.44561235054829e-06,1.5488151018504,0.00586342448275656,0.0739056790533052,0.0161614887940679,673.627678647108,42.1653905292081,0.994382533237307,9.9991783852893e-08,0.99157379985596,TRUE,"nd2ggq10rklx88qkgame-level",2728,9,1,1
"229",2,0.0120929292015799,0.00476637529709469,0.99985486069065,0.0748819580532968,0.112638354468131,0.0406105087954805,82.7459659536549,59.9836056902175,0.870755202882958,5.08487258965573e-08,0.806132804324438,TRUE,"nd2ggq10vdo409o2game-level",2229,8,0,0
"230",10000,7.64770206852677e-15,6.88595771359402e-16,5.58522734311192,0.0138377533775755,0.0916428261520787,0.012448120917839,336.872401008048,10.2879838644265,0.994579705027489,3.41002463044582e-07,0.991869557541234,FALSE,"nd2ggq10w20p44vkgame-level",1665,9,3,0
"231",10000,2.82300447881822e-11,5.07698631554567e-12,3.63829068474897,0.0182429463692495,0,0.0458515924298439,793.446691378555,65.7824069241403,0.942622725556643,1.0252567804736e-06,0.925409543223636,FALSE,"nd2ggq10wdmqzy42game-level",2531,9,3,1
"232",907,0.0323793179370705,0.00306469918347854,0.732391289207255,0.00965508034442539,0.00997996024692794,0.0197945856496519,108.159859468337,20.6561402890046,0.990726364552744,9.95845023110675e-08,0.98516218328439,TRUE,"nd2ggq10wdmz11x2game-level",2495,9,0,0
"233",877,0.000944053338593531,7.97518760514726e-05,1.107848142839,0.00769713969319902,0,0.0227252289467508,537.677379931195,64.4874469607104,0.984711842064389,9.83254113684495e-08,0.978159774377699,TRUE,"nd2ggq10wkpyj4vkgame-level",2222,9,1,1
"234",796,0.00867528078794996,0.0018450755038684,3.45014600024755,0.124460326673482,0.0400920655056869,0.0126995418426849,3.95889228228035,0.440548573040394,0.964596409285203,9.95855703456172e-08,0.955745511606504,TRUE,"nd2ggq10xk907lykgame-level",2532,9,3,0
"235",10000,3.07817800393668e-25,5.41783137226204e-26,9.43066422032851,0.0270766220863799,0.0840948868607054,0.0166298891673334,397.32830825355,14.2427699347939,0.980704139003388,3.36076873319602e-06,0.973468191129658,FALSE,"nd2ggq10z27gj7g2game-level",2333,9,3,0
"236",850,0.0844858537196115,0.0287309307287023,0.417943022877103,0.0141675778674987,0.53810863946414,0.0741154337664907,369.702528502726,374.915816845514,0.90864393811459,9.97502453969901e-08,0.862965907171885,TRUE,"nd2mev10wdm4154dgame-level",1537,8,0,0
"237",4693,3.12222471132635e-05,5.28343287558881e-06,1.55389220214116,0.0153718117563254,0.68630933771173,0.0190408809983897,793.444123759913,138.810393680801,0.948340571207918,9.99440505911053e-08,0.917344913932668,TRUE,"nd2n2qd0xd19m7k8game-level",1980,9,1,1
"238",972,0.00778264397935531,0.00155908357284449,0.797004020281638,0.016578199357493,0.523175461518885,0.0273450450065558,442.588626091544,167.335017595379,0.949641897682908,9.98105382787884e-08,0.924462846524363,TRUE,"nd2w83d0xk9p4yd0game-level",2442,9,0,0
"239",6502,0.0178197835234212,0.00612826496497966,0.547738391983732,0.00445637834795528,0.761370308369845,0.0406965245609357,1560.66015129825,1073.23685635752,0.980361842900963,9.99790021882774e-08,0.968578948641541,TRUE,"nj1n4e6p02qgxl9dgame-level",3227,9,0,3
"240",10000,3.36983411844916e-07,1.75656678077643e-08,2.3398715316629,0.00613901881256278,0.186486782188261,0.00832739003146751,583.621291091819,22.754291138957,0.993754929236147,2.74061322302899e-07,0.991078470337353,FALSE,"nj1nww1p9d8p1qkngame-level",3223,9,2,1
"241",1984,0.00609077737841878,0.000788539992815677,0.788029807959615,0.00924589240357347,0.629886750327443,0.0180528021859993,647.474526499491,155.547394201564,0.961100603546104,9.98347250424914e-08,0.946513329875894,TRUE,"nj1nww1p9kvp50kggame-level",2627,9,0,1
"242",1332,0.011148401194019,0.00196318722643835,1.41636437824282,0.0410557653046857,0.665211801351784,0.00888992191514733,23.9184133182676,5.17480019591263,0.966604942999422,9.98792505368939e-08,0.946567908799076,TRUE,"o1y0wr6qwk6y0od1game-level",2336,9,1,0
"243",1503,0.000197705362425411,3.434366951986e-05,1.29151851355144,0.0161342005063031,0.851162161710426,0.00955242517137468,737.781173972687,160.096471074771,0.955139446144285,9.96377167439277e-08,0.928223113830856,TRUE,"o1y3qv6qn2y97edogame-level",2442,9,1,1
"244",1279,0.00102028199709846,0.000198557701801454,3.35385923334795,0.0669591180477587,0.824759859613109,0.0101417157528237,7.79635970031134,0.772047898535464,0.938291876493124,9.94002868903721e-08,0.901267002388998,TRUE,"o1y9w8v6q25ery82game-level",179,9,3,0
"245",10000,8.80808984155112e-07,5.22655785701832e-07,1.59547530649104,0.00204433965234451,0,0.496523656174524,6239.95468283699,2390.60435944861,0.982891799117043,1.14402153650328e-06,0.976476223785934,FALSE,"o1yjrv1qmkej1y92game-level",3552,9,1,-1
"246",1215,0.0482260098669035,0.00718220691767312,0.617662701267043,0.0146696106728579,0.0287930234708999,0.0364271587953601,135.449135489273,48.4495689137259,0.970886659453417,9.98799701834585e-08,0.953418655125468,TRUE,"o1yxvv6q7kjzq1ndgame-level",1275,9,0,0
"247",77,0.0174299263257128,0.000798350743175901,1.11154540469764,0.00934658535840659,0.00058288375106014,0.00333036799990574,38.2133904914377,2.74529727989152,0.999725159064888,9.52081675720251e-08,0.999587738597332,TRUE,"o1yxvv6qn2yj37z2game-level",2705,9,1,0
"248",1221,0.000377887917871666,5.73116266345095e-05,1.47635741872542,0.018485611826892,0.373493324564682,0.0215315398802572,208.112596338211,35.2889148289257,0.975680801014277,9.97942523062179e-08,0.961089281622843,TRUE,"o1yz5kdqn2y1nem2game-level",1708,9,1,0
"249",10000,1.13554682635847e-07,1.32105919340166e-07,2.22780687730698,0.0171631159731325,0.0647112756866987,0.83401822434027,1310.15777592487,756.619066855624,0.450894531738044,3.767881253669e-07,0.333229074253339,FALSE,"o6g08xd2wkp1m3wkgame-level",1254,3,2,2
"250",70,0.115410704346524,0.0211919426365605,1.72929831735735,0.139140689101046,0.451364962083132,0.0263685153591025,3.4855733555964,0.720289867030849,0.94459040319957,8.78397053982738e-08,0.911344645119311,TRUE,"o6glg48dn2ygqo12rdn246vd",347,9,1,0
"251",2121,0.0138256780095255,0.0016352125675581,4.50577620144326,0.0835067505323822,0.252976269014639,0.0167584020865887,2.58613452636924,0.113425207841956,0.957613197599367,9.99564008230536e-08,0.943484263465823,TRUE,"o6glg48dn2ygqo12rdq5421d",348,9,3,0
"252",2559,0.0161171149299482,0.00503478352531959,5.94855439831085,0.356676447775258,0.313168908379689,0.0667841522076419,2.00156395667785,0.188393098766601,0.76535914746869,9.99556326597428e-08,0.624574635949903,TRUE,"o6glg48dn2ygqo12xd036m1d",347,6,3,0
"253",1611,0.0123517380594959,0.00177456262577502,6.84696245330739,0.183957462735022,0.444156946159647,0.0128105083800751,1.899780523073,0.0726181349414406,0.959934493922322,9.99921012656557e-08,0.942763562746175,TRUE,"o6glg48dn2ygqo12xd4rg4p9",348,9,3,0
"254",2292,0.0153603147739086,0.00178289597781576,6.34250616391941,0.143236634719443,0.389574767696794,0.0160410138653772,1.93171802495887,0.0640747973208299,0.941314443211027,9.99048888061793e-08,0.921752590948036,TRUE,"o6glg48dn2ygqo12ywemxrrd",326,9,3,0
"255",10000,1.16731237714015e-10,2.68282397284467e-11,4.49610629821147,0.0403623665387717,0.0878943368654117,0.0572711590765437,161.883769523627,15.6676307413424,0.946585968725492,6.9808780034375e-07,0.914537549960788,FALSE,"o6glpzod8240oyedgame-level",402,9,3,0
"256",277,0.0401950870656881,0.00819889051970808,1.18354126883977,0.0562279704836328,0.0984267453883584,0.027221022023449,15.1134946534412,4.55457000566559,0.944608509093471,9.81217821438563e-08,0.916912763640206,TRUE,"o6glpzod9d83w7w2game-level",495,9,1,0
"257",10000,8.06354326168175e-08,2.12526203733259e-08,3.35623652444124,0.0451837778070342,0.105817982705318,0.0474462172906692,129.873431628723,18.7078034375011,0.934618361864057,7.81651025683061e-07,0.895389378982492,FALSE,"o6glpzodrklr8w6kgame-level",534,8,3,0
"258",296,0.00493287041483061,0.000534396572342174,9.62847339862056,0.146398677462187,0.127206786020881,0.00209369878283415,1.73616697353078,0.034097556581278,0.999105812019574,9.94393384301517e-08,0.998837555625446,TRUE,"o6glvqodz27m4n52game-level",8,9,3,0
"259",2,0.000858100453869718,0.000190847906959772,1.00002710481522,0.0064791830808427,0.811888831160011,0.0225956523294238,1165.14172390664,312.429325214566,0.944966976432256,8.75198172822778e-08,0.924329592594353,TRUE,"o6glxod27kjz6nd3game-level",1993,9,1,2
"260",2487,0.000202892573843479,3.76266107184299e-05,1.15400113001992,0.00696042802933737,0.578835957961683,0.0355118946601769,1584.67257851383,325.085870580863,0.986570025511577,9.99966864867474e-08,0.978512040818524,TRUE,"o6gn7o12jdreqnk6game-level",2914,9,1,3
"261",4524,0.00642140173948696,0.00374121986794105,0.583469739782561,0.004722328019016,0,0.446955235481167,5720.97694979039,6113.22654110067,0.96685318084032,9.84172133788874e-08,0.952647401200458,TRUE,"o6gn7o12q253ojkogame-level",2662,9,0,-1
"262",1698,0.0346386072985896,0.00505780412074108,0.621054125643328,0.0137635796402954,0.385067916365849,0.0265853116031094,224.672333131898,79.7829300181018,0.965491461537242,9.98975238086786e-08,0.944786338459587,TRUE,"o6gn7o12wdmzryo2game-level",2310,9,0,0
"263",354,0.0368013253830937,0.00328584218196142,0.690216240367058,0.0129859951680253,0.515178768944836,0.00905744607121371,119.621043296466,26.2417028763712,0.984998184275467,9.91990977139423e-08,0.9774972764132,TRUE,"o6gn7o12wkp3yj2rgame-level",3158,9,0,0
"264",8512,1.49106000166839e-07,1.05914431824778e-08,2.43082695971853,0.00804267562767515,0.653908937869166,0.00697725967283397,643.140065464016,32.5534676948931,0.981439488355871,9.99502467458058e-08,0.974479296489323,TRUE,"o6gny5128241qm25game-level",2726,9,2,1
"265",5134,7.08762520986307e-07,5.25105225733119e-08,2.24003885374537,0.00852245555695085,0.602761767799621,0.00859795281619508,556.242988878289,31.774780553037,0.988983291641852,9.99292861791901e-08,0.982373266626963,TRUE,"ok6qlo1gmkeon9d6game-level",2638,9,2,1
"266",1843,0.000340178368174489,4.12877200537359e-05,1.29549248912866,0.0161809168028938,0.712408760019966,0.00822425688242235,475.554864838417,81.1688476707758,0.966682029360056,9.96154169152774e-08,0.952402899085794,TRUE,"ok6qlo1gwdmze42qgame-level",2612,9,1,0
"267",8611,5.3097274285452e-06,6.09531665138618e-07,1.7212153191986,0.0114191497058524,0.690771924632769,0.0124710151956585,1160.52111615527,131.731279990894,0.958877076935534,9.99516590605154e-08,0.938315615403301,TRUE,"ok6qlo1gxd1rxxrkgame-level",3672,9,1,2
"268",2,0.00068332916936152,0.000293304231467302,0.99997154924691,0.0110005058149699,0.0702792155357673,0.222635197331166,1463.72705355831,745.655720316382,0.888706713405017,6.77034734941628e-08,0.846971730931898,TRUE,"om1mpk1202qg5zdygame-level",2201,8,0,2
"269",298,0.00506454871547775,0.00037531734848841,2.06003914613779,0.0217840778879425,0.0152146318484267,0.0015764469376953,13.0100639330584,0.82099954254723,0.999463203084729,9.95907911693905e-08,0.999329003855912,TRUE,"pd072l6ewdmp83dqgame-level",2798,9,2,0
"270",770,0.00833154789245543,0.000320971946858032,2.89709783132304,0.018450610633662,0.0101499419080638,0.00240815694497515,5.22046737144668,0.12436460672938,0.999077828911547,9.96232167871369e-08,0.99880117758501,TRUE,"pd0993demkelr19dgame-level",2107,9,2,0
"271",1958,0.0264507452425458,0.00594991235242288,4.64334789958904,0.292276033202133,0.0359247361853573,0.0603066848834373,2.18648595363361,0.213588728326374,0.627582877278343,9.99937780354898e-08,0.576798724179936,TRUE,"pd0qq4v102q9w7pkgame-level",96,5,3,0
"272",119,0.0433434996288293,0.008743160294401,1.85680679459027,0.0579220909251298,0,0.0554876575406949,5.42121777658244,0.874798254157778,0.895090313756126,7.01816496029295e-08,0.88140644163736,TRUE,"pd0qq4v1jdr968xdgame-level",12,8,1,0
"273",256,0.0681363923163848,0.0282697160725145,0.692247091640393,0.0277345124026193,0.386685825026439,0.131211028533022,48.4469617189209,36.5687293766408,0.937364417717187,9.94735213089015e-08,0.899783068347499,TRUE,"pd0qq4v1jdr96yxdgame-level",119,8,0,0
"274",275,0.13138464573225,0.019317965684781,1.14331879824149,0.0250927504930297,0.0115470993659277,0.0480076883118727,5.90149486410875,0.988874910620609,0.948703297139542,9.84418178084923e-08,0.934713287268508,TRUE,"pd0qq4v1jdrrg3gdgame-level",14,9,1,0
"275",2282,0.0152392186413923,0.00109265275296422,6.76169576827104,0.0907032631001069,0.0358759580569116,0.0117764006124697,1.85662882770096,0.0350979094813717,0.963458498535676,9.99613382068887e-08,0.956606967011115,TRUE,"pd0qq4v1jdze0ovdgame-level",96,9,3,0
"276",6134,3.27070855523761e-11,3.57596873722643e-12,8.22514756908857,0.0347850157655436,0.341262506371515,0.0118378611871232,18.827502293899,0.483985759466035,0.979374304371681,9.99257795397668e-08,0.974954512451327,TRUE,"pd0qq4v1zdnngqndgame-level",69,9,3,0
"277",551,0.0882238879087987,0.00837337689223692,1.78636617433787,0.0540543654937121,0.544559091767129,0.0122734515996248,3.89274768025033,0.366916836833042,0.91295848381903,9.91555482166007e-08,0.89430673035168,TRUE,"pd0w3qw19d84jg3kgame-level",849,8,1,0
"278",88,0.094201222683147,0.010671157146125,0.883082095840418,0.0302670685564152,0.28786072393554,0.0248863808309629,14.5136236993981,3.19249522744018,0.979959371943031,9.85625258076439e-08,0.96793499510885,TRUE,"pd0w3qw1w20gvlzkgame-level",261,9,0,0
"279",408,0.00590119589257002,0.000653249961488012,4.58522413398097,0.0739703818652523,0.376104145078026,0.00228547671513779,3.06294928124925,0.129257978887062,0.998235862096641,9.92755972983872e-08,0.997647816128855,TRUE,"pd0wj4217dgnqzp2game-level",237,9,3,0
"280",85,0.152462044452253,0.0335054321116171,0.93459011270658,0.0550337573491604,0.589642731223214,0.0305073899938529,7.48181486280736,2.64593371508928,0.913751043227372,9.96222198068608e-08,0.862001669163795,TRUE,"pd0wjp21w20gl5zkgame-level",234,8,0,0
"281",899,0.000699076822639451,8.49553673260223e-05,3.60871641680286,0.0593575373722126,0.191681720935955,0.012479921871402,7.48865339694597,0.5001852635714,0.965486899721653,9.99889695485479e-08,0.958091235376292,TRUE,"pd0wx9w18246jnmdgame-level",1341,9,3,0
"282",1104,0.000246655218754259,1.65391202002865e-05,2.15714053957434,0.0164970766820563,0.161707565538389,0.00755127689836522,47.0481675914163,2.84815188788221,0.980237697326991,9.97471270025585e-08,0.97754283787158,TRUE,"pd0wx9w1zd36l5rdgame-level",1598,9,2,0
"283",4334,3.76448999310082e-06,7.51566206010673e-07,1.91282077830222,0.0168006827292112,0.576941748421316,0.0290028565815112,685.103910530563,110.797185170408,0.971114790078131,9.97921875134367e-08,0.95378366412501,TRUE,"pdv294v6mkexjj6dgame-level",1434,9,1,1
"284",10000,3.73671968447543e-10,4.03500368113921e-10,2.92098775207735,0.00889212007738489,0,0.845312638639512,1688.52449051034,662.410683486165,0.866439546499845,8.66979282587721e-06,0.83001396827253,FALSE,"pdv4qrdw9d863672game-level",1466,8,2,3
"285",5591,0.00772097627040974,0.00231205045694259,0.726109004793603,0.0045824097353265,0.0641259432528034,0.140493919729455,811.158295785854,368.815659203194,0.991186904092381,9.99982715521597e-08,0.98589904654781,TRUE,"pdv4qrdwzd36predgame-level",1293,9,0,1
"286",2,0.000721343625055533,0.000112884960700325,0.999992224362659,0.00463126507372987,0.355258959663384,0.0570379330470262,1386.37983246062,263.410460218888,0.984754420681142,3.90252352655551e-09,0.97903732843657,TRUE,"pdv94r1w7kjl9g23game-level",2053,9,0,2
"287",36,0.188886496505763,0.0379582291775528,0.891627380476179,0.0888161504531921,0.597906611548817,0.0127226242316413,6.48295581795585,2.66821819894868,0.897988332070601,7.90084043744699e-08,0.867384831691781,TRUE,"pdvl8r1wxk9jv1ydgame-level",1807,8,0,0
"288",149,0.126783312344792,0.0133305237772655,1.39894292148783,0.0690638662423236,0.449574415241031,0.0129316141870549,4.37677317621147,0.647951384056243,0.950948993533334,9.50367786689554e-08,0.937571446315153,TRUE,"pdvznzr6824nn0mkgame-level",188,9,1,0
"289",437,0.0873702760480866,0.00908566135107712,2.27229216531938,0.0653318451376375,0.404422239841884,0.0183864748669727,2.92340618689178,0.223955327942469,0.876639536566345,9.93961997153292e-08,0.85487004301923,TRUE,"pdvznzr6824r35mdgame-level",773,8,2,0
"290",904,0.00936451562315395,0.00209913288615499,7.71596498305961,0.304998694313671,0.302640810901882,0.0112107486561614,1.83188572470971,0.0970523730834627,0.948774416934918,9.98518511208246e-08,0.935968021168647,TRUE,"pdvznzr69d8yo9wkgame-level",192,9,3,0
"291",7977,1.64540326795198e-07,4.34348849060722e-08,3.18762145590338,0.0484522283050287,0.752733495011553,0.0142232144877601,134.322012510717,21.1285083858648,0.846565789288247,9.99771588849896e-08,0.789027960271339,TRUE,"pdvzpo467dg4xwgdgame-level",420,7,3,0
"292",147,0.15306394602601,0.031234957307247,0.671333680487479,0.0360146862942829,0.533893796207733,0.0286144820413932,16.3753531589654,7.4336374048168,0.945781219479537,9.73864872078067e-08,0.913249951167259,TRUE,"pdvzxmr6jdz645r2game-level",98,9,0,0
"293",939,0.00915134123893355,0.00109351775614993,7.75210060515245,0.157457119599513,0.370670750487471,0.00661360656298705,1.83215811633715,0.0507741461272889,0.99017141409257,9.99343164886923e-08,0.985959162989386,TRUE,"pdvzxmr6q25ep4j2game-level",536,9,3,0
"294",3,0.000672039787164388,0.000201505044075262,1.00005841140764,0.00168002972495061,0,0.227076269628226,1487.37236756394,464.201387574199,0.995197668125403,4.21151071794412e-08,0.992316269000645,TRUE,"pdvzxmr6z27m5102game-level",1019,9,1,2
"295",875,0.00762012698368133,0.00161525425311736,0.845138231650962,0.0270501953547593,0.658583685931401,0.0229866965395155,320.732984053108,139.683195899448,0.877120165071675,9.91974866693113e-08,0.824457378673822,TRUE,"qw6jp56jrklg0ndngame-level",2651,8,0,0
"296",10000,5.70098302414044e-11,1.33215631424399e-10,2.90508166461999,0.0190877180249914,0,1.58854780831829,3359.32542163673,2881.3020250111,0.849279296558265,8.47945859860921e-07,0.758846874493224,FALSE,"qw6jp56jw20ze5dn5920l3d6",3173,7,2,6
"297",1687,0.0460847588357342,0.0118049627989096,0.485586253592111,0.00874098571341357,0.443379281432907,0.0530042010877772,565.229879025559,362.650504257394,0.964566702880501,9.96783564577441e-08,0.943306724608801,TRUE,"qw6jqx1jzdnprxkqgame-level",2804,9,0,1
"298",2302,0.00477335274135203,0.00149129837969082,0.713709969252297,0.00603464114561946,0,0.172806079624208,1787.59251597242,895.694167142951,0.952604865973641,9.96201076075565e-08,0.932292665676631,TRUE,"qw6jv76j37dg47d4game-level",3216,9,0,3
"299",464,0.0273325854681979,0.00341636134044835,0.698730239914946,0.0115077107674949,0.449852731137926,0.0219037458662547,172.731573521252,45.5547063352312,0.974204267570939,9.94943756271738e-08,0.963148953672769,TRUE,"qw6jw41jjdz3zr2v69zpx6w1",1576,9,0,0
"300",10000,6.24468229879993e-09,1.87878122567433e-09,3.39913942362036,0.0329824852914471,0.641928039965665,0.0389455636913371,259.23648486924,36.9253139261771,0.807193554502192,1.42907447564511e-06,0.691509687203508,FALSE,"qw6jw41jjdz3zr2vgdrpg8wz",1799,6,3,0
"301",897,0.0456896204060546,0.00669624107905747,0.590177112038329,0.0125861713254574,0.539546675673225,0.0230788446289204,186.558053895273,67.1310080085222,0.955101629622544,9.92354707296528e-08,0.932652444433815,TRUE,"qw6jw41jjdz3zr2vxd40n09m",2333,9,0,0
"302",934,0.00904926165745717,0.00192401307944157,7.79250347838564,0.273176102543119,0.477791431634887,0.0107801376903326,1.82904628550766,0.0886198648602106,0.976689573503215,9.98414324548946e-08,0.962703317605144,TRUE,"v1p0x468q2548ovdgame-level",831,9,3,0
"303",192,0.0236624111045764,0.00521555060983723,1.0964508242275,0.0632338957123942,0.671296402102523,0.0112278001610174,30.4027479468857,12.0986800790473,0.93419999935679,9.89194035572183e-08,0.905999999081128,TRUE,"v1p42z1802qogojkgame-level",1190,9,1,0
"304",2,0.00513121791948146,0.000393047343762701,1.00010834179255,0.00827509299437376,0.00830247166004254,0.0138936407255174,194.774226714188,23.414039954822,0.995348130972576,8.11904266040386e-08,0.993354472817966,TRUE,"v1p42z18vdoo4y9dgame-level",1184,9,1,0
"305",1205,0.0163827302514881,0.00149134627828049,0.68359231393371,0.00446644804751927,0.419768007638289,0.0234844984757366,409.357989874221,70.5997542084963,0.993668018208917,9.99352647301777e-08,0.989868829134268,TRUE,"v1p4e418rklernr2game-level",1439,9,0,0
"306",3902,0.0018683220532907,0.000809595585174683,0.840395984322253,0.00568930185554643,0.0794575699342899,0.282956706761241,1764.98570358745,999.393863389513,0.975075184821707,9.99290195036195e-08,0.960120295714732,TRUE,"v1p4e418vdoq1yykgame-level",1452,9,0,3
"307",3637,0.019099405666881,0.00253615345469415,0.629558032183596,0.00745631091270499,0.366322204315523,0.0312442590623218,537.595257727969,153.420967780731,0.974631125107174,9.99245626243095e-08,0.961946687660761,TRUE,"v1plmp68n2y39y1dgame-level",2598,9,0,1
"308",10000,1.17384839988921e-15,1.50233430204803e-16,8.8550830036597,0.0282274473856303,0.363174138602627,0.0275124013948342,48.5379118141669,1.30222004992361,0.969681244284234,2.72855913263648e-06,0.956687491834621,FALSE,"v1po7r7602qv087dgame-level",485,9,3,0
"309",9537,6.28771414213071e-09,1.73550682408226e-10,3.6667066913602,0.00439431041571041,0.0214039123406465,0.00737586550922849,172.484580937137,2.3630257708116,0.998920180526912,9.99967973980276e-08,0.998272288843059,TRUE,"v1po7r769kv9nz32xd130359",884,9,3,0
"310",1637,0.000309434274708692,0.000299610636535482,1.24693235129011,0.0165084748069439,0,0.665735201328229,652.30734259839,562.488060878271,0.69208763722164,9.96397023778073e-08,0.621030938118941,TRUE,"v1po7r76mkeqn79kkwj8yv79",591,6,1,1
"311",318,0.0670736159886478,0.00790506174296991,0.61616817210989,0.0114414979891171,0.0272898465881278,0.0289877014885222,80.2469591900535,21.8833009142642,0.975081767338471,9.83895568351656e-08,0.967606297540012,TRUE,"v1po7r76mkeqn79kxd130359",640,9,0,0
"312",532,0.038580319958476,0.0191432716227153,0.665017197734882,0.0169682463531705,0,0.292961741082593,133.570546553335,116.343152791348,0.922165849132568,9.3807585810346e-08,0.892978042557281,TRUE,"v1po7r76mkeqn79kywe3klr9",164,8,0,0
"313",10000,1.54198952994767e-12,8.26505545109806e-14,5.19597002628828,0.00842316895994036,0.0183851108769195,0.0141042171201188,187.622356783201,3.52752444691471,0.990790496560769,2.58835365141152e-07,0.988488120700961,FALSE,"v1po7r76rklrny8kkwj8yv79",546,9,3,0
"314",178,0.107849915764822,0.0188876612418095,0.713302084117392,0.0390006862177688,0.290706566106138,0.0411814291561137,22.6944403961595,9.4459866249379,0.931705070704495,9.89636095294344e-08,0.890728113127191,TRUE,"v1ponx76wdmvmz4dy9mg6l19",356,8,0,0
"315",93,0.0971216244478699,0.0209904662209441,1.5547530219438,0.139501123868168,0.559892882179952,0.0188118598020926,4.48071398094943,1.22582671899316,0.925660716066297,9.93600155485552e-08,0.888491074099446,TRUE,"v1ponx76zd3oqgndkwj6gnzd",427,8,1,0
"316",973,0.0119727720646564,0.00183139712920326,3.13357890395863,0.0859383108554384,0.271530677655847,0.0109635995243294,4.1048193254612,0.359347407549441,0.984006368167013,9.98026539189567e-08,0.976009552250519,TRUE,"v1ponx76zd3oqgndowo5jzyd",238,9,3,0
"317",2984,0.000557905511338747,5.16549710226111e-05,1.88322402393892,0.00324982257825928,0.122599310005897,0.0344631480862948,53.4060169766073,2.99227714331623,0.999352920729287,9.99886834440744e-08,0.999110266002769,TRUE,"v1poy886mke4e0x2game-level",72,9,1,0
"318",10000,5.31288746179319e-07,6.66714492554986e-08,2.32994017207787,0.0105116679446291,0.224915502987126,0.0383875956184892,493.242286039908,40.3649588751918,0.959824312902873,1.14285355279353e-06,0.94643241720383,FALSE,"v1poy886mkeqrynkgame-level",901,9,2,0
"319",3305,0.00617950827185709,0.00265765849504752,0.659537687601113,0.00731523088365572,0.773821300391994,0.0621318730541499,2235.55661957263,1649.00725670744,0.959854682913976,9.99528370071445e-08,0.935767492662362,TRUE,"w6j395djn2yqq7zkgame-level",2502,9,0,4
"320",4640,0.000680686086333628,0.00171694899336706,0.815862193131095,0.0129197682913027,0,2.07302722335612,7618.12557783397,24631.063401966,0.785977646075702,9.98586772160692e-08,0.657564233721122,TRUE,"w6j54x1jjdz5yn6dgame-level",2844,6,0,-1
"321",1908,0.00593171703948194,0.00049013465998503,0.932150340673266,0.00948768283163055,0.0108498766000604,0.0215542584430862,244.853341348578,35.4134230790844,0.967404039499958,9.9985283941173e-08,0.957625251349946,TRUE,"w6j5y41j7dgglwxdgame-level",2110,9,0,0
"322",3172,9.21678619615954e-05,1.63368214026332e-06,1.60963137676895,0.00230404334414318,0.000293559744207199,0.00189299175001948,321.400362092492,6.1949822445443,0.999220257845424,9.99225769904299e-08,0.999064309414508,TRUE,"w6j5y41jvdo4wr12game-level",2050,9,1,0
"323",2366,0.00045662194767741,5.87650391675132e-05,1.78707459544636,0.0233452997973181,0.760707611413487,0.00672948080589175,73.998731760396,9.48959792791655,0.966033033371133,9.98841398480721e-08,0.9490495500567,TRUE,"w6j8p71jn2y7yw82game-level",352,9,1,0
"324",48,0.242835172537165,0.049576653110168,1.21134665703832,0.150111395249428,0.57168365298673,0.0284208976798124,3.2169343440881,1.00796433363566,0.81019609124019,8.775153881313e-08,0.746928121653587,TRUE,"w6jl094dwdmxg1xkgame-level",141,7,1,0
"325",229,0.0461845115132885,0.0128828491224297,0.79669125257758,0.058569541930097,0.586240198075326,0.03185536909971,47.4583544834073,30.0832716449093,0.932293780582139,9.55768379995448e-08,0.898440670873208,TRUE,"w6jl2z4djdro6ngdgame-level",346,8,0,0
"326",2,0.00186338442782462,0.00872111485349415,0.999993288673445,0.0244097179502599,0,3.3217656412292,536.680552520002,2594.1595816643,0.652545952071595,2.88851620400266e-09,0.478818928107393,TRUE,"w6jl2z4dz274yw02game-level",412,4,0,1
"327",814,0.00889364028739026,0.00232917400548284,1.54398520397188,0.0682890429784384,0.177381068074852,0.0157242069595868,21.2975220442981,6.49360386317617,0.954030002180009,9.99133658030615e-08,0.938706669573345,TRUE,"w6jl725djdz79jrkgame-level",868,9,1,0
"328",242,0.030179112186,0.00731952034230976,1.08780133064599,0.0538070647937896,0.41418536559069,0.0131691377725978,24.9795046134521,9.54561514069008,0.973725581732437,9.94672053611367e-08,0.957960930771899,TRUE,"w6jl725dxk9g1lgdgame-level",1465,9,1,0
"329",350,0.0170160704357558,0.00109828818589927,0.938079761453661,0.00599946039959197,0.169065384574352,0.0190335616562736,76.898375659979,7.42659874587748,0.996807290383674,9.89843955689906e-08,0.994891664613879,TRUE,"w6jlrn4d82404pedgame-level",249,9,0,0
"330",1116,0.0524796369127012,0.0242206339580433,0.472418895878312,0.0101670509739919,0.36452422837822,0.182355767535729,512.246751920226,569.211632740281,0.932376303135619,9.99902189935398e-08,0.898564454703429,TRUE,"w6jlw74dwdmxoqek5wknzovw",727,8,0,1
"331",1370,0.0110907880613365,0.00144161900585275,4.6845672335103,0.103393192818888,0.4073292312038,0.0100552538127251,2.61418185360554,0.127980778189697,0.977267871059431,9.97903466526395e-08,0.967525530084902,TRUE,"w6jlw74dzd3w4yekgame-level",593,9,3,0
"332",531,0.0376352639051761,0.00217964790551216,0.7223123963716,0.00919076819231629,0.0172677369278437,0.0106329875465384,93.7576916829668,12.9344829159821,0.989770839876582,9.87271744357088e-08,0.986361119835443,TRUE,"w6jnv51j7dg5ypp2game-level",1946,9,0,0
"333",10000,1.51550987156017e-07,9.39252316141618e-09,3.54461577624324,0.0114032038309237,0.0629962683095605,0.013463766790426,83.9242149330841,2.66340190355163,0.99192764646911,3.7261352381357e-07,0.987084234350576,FALSE,"w6jnv51j9kvpqo0kgame-level",1493,9,3,0
"334",2,0.00815437189966533,0.00255870045946666,1.0001009619528,0.0601214239054722,0.580312873058177,0.016722108070345,122.574078398542,73.8911623790711,0.903284821570221,3.03053476757853e-08,0.854927232355331,TRUE,"x3692ldlwdmw6ne2game-level",3660,8,1,0
"335",3144,0.0090536397142338,0.00121016503197851,0.667851582311812,0.00527609024637799,0.559812143732203,0.0276888845206488,1146.37741235177,293.237147530931,0.97245401350788,9.99067165663448e-08,0.963272018010507,TRUE,"xkdk4g1m02qyyydygame-level",3278,9,0,2
"336",6478,0.0181421016884243,0.00645371696633216,0.477950672289884,0.00316138714570891,0.299646860062757,0.168302832172574,4398.34154084072,3517.67733991628,0.983761177108806,9.99883438268512e-08,0.974017883374089,TRUE,"xkdkp21m824x9nd5game-level",3304,9,0,-1
"337",4666,0.0195135745948904,0.0118202004195334,0.44895526868818,0.00479904412006947,0.543084812691683,0.206576906651846,6428.24536745677,9275.67464342884,0.955208813431623,9.99779399268874e-08,0.938412118468481,TRUE,"xv1p4m185dwp4ekggame-level",2476,9,0,-1
"338",560,0.00686789611498593,0.00126060476983663,5.51187138853206,0.147843205759301,0.609913510632815,0.00400882081141134,2.4686395614747,0.142044773822437,0.99414920193303,9.97216987874694e-08,0.990638723092848,TRUE,"y6547nedn2y997zdgame-level",344,9,3,0
"339",130,0.00685319330718703,0.00131907815926341,0.993155803994576,0.0178206069853703,0.273604624291754,0.0422276808698281,151.015200096853,42.8629150162744,0.968822481369288,9.95290920791092e-08,0.95011597019086,TRUE,"y654r24drklv81ndgame-level",995,9,0,0
"340",3091,0.0200225215531072,0.00391688044907434,5.9390119038376,0.206143817567214,0.284176152543033,0.0466268127056586,1.93191126070425,0.107792384469778,0.726112016857763,9.99961022873919e-08,0.657640021072203,TRUE,"y654vm4dvdo1voo2game-level",9,6,3,0
"341",134,0.0572870235175341,0.00681714043624369,0.776218153497311,0.0278919759449356,0.966630016595884,0.00105560476751232,39.8100907267081,11.3733122822796,0.972227747751923,9.31834442940982e-08,0.960325353931318,TRUE,"y657jedendx19452ewpxmmld",1179,9,0,0
"342",519,0.204349830472739,0.155175929032737,0.224446016893105,0.0150389570613577,0.372601144591607,0.302850859630843,1181.86618624371,4558.84858065505,0.756451928373833,9.91700113139871e-08,0.634677892560749,TRUE,"y65r341e824xo0edewp7j1zw",2106,6,0,2
"343",1043,0.010778440843405,0.00282860727570956,3.74143695195549,0.223784864628322,0.619835141063681,0.0111897879619499,3.35623623692854,0.478479328215374,0.93783583706857,9.99305531657058e-08,0.9111940529551,TRUE,"y65r341e824xo0edkwj75xzw",2331,9,3,0
"344",8765,1.26787760009004e-08,1.58533383344415e-09,3.24004040851609,0.0179972312165775,0.779139980215362,0.00868279504877508,273.710472692779,19.095302625398,0.974945706331767,9.99982325833315e-08,0.962418559497651,TRUE,"y65r341e824xo0edrdq0o7gw",1723,9,3,0
"345",1134,0.00999675156100215,0.00281573766307467,4.62378990308926,0.229821283767674,0.652550117144898,0.0114209362301736,2.70754772829507,0.29897815876712,0.943245171152274,9.99586357020021e-08,0.909192273843639,TRUE,"y65r341e824xo0edy9m5j71d",2075,9,3,0
"346",1214,0.0108877808658022,0.00230314415340691,6.77431223856029,0.287638475231346,0.2424174884488,0.0164248426943181,1.94885740319222,0.116068641752319,0.93481366417394,9.99668821055621e-08,0.915257763426122,TRUE,"y65r341e824xo0edz98ry2rd",1285,9,3,0
"347",1614,0.0125082228815775,0.00129398603634417,1.72118509463768,0.0340427152817356,0.291980796367984,0.0121224195638315,12.7502854791732,1.408294918928,0.977764708175487,9.99691261993618e-08,0.968235297393553,TRUE,"y65r341exd1mo48dgame-level",1982,9,1,0
"348",118,0.130165828271217,0.047309694242134,0.435976446480795,0.0385929405999202,0.619494810086978,0.0350337351975602,107.418711275826,134.020959377709,0.922590591630058,9.67599896872784e-08,0.876144946608093,TRUE,"y65r341ezd30mxedywe21rrw",2036,8,0,0
"349",1280,0.0110664578833767,0.00604615878271575,1.71222399762904,0.177982360411349,0.779545223416477,0.0156584530294796,13.8793412270002,8.22369047572891,0.783758222419578,9.99587003169822e-08,0.654013155871325,TRUE,"y65x541erklel182game-level",714,6,1,0
"350",2138,0.000591981655609881,0.000850766570305104,0.853848985791646,0.0108788699984855,0,1.17486138784914,6027.91320825658,10814.3341797937,0.868436798679207,9.9897131233817e-08,0.802655198018811,TRUE,"yd400g1ezdn7mqkqgame-level",2517,8,0,-1
"351",517,0.00264842103501016,0.000427089760348889,1.07549171133999,0.0189778819909875,0.769540437443273,0.013938444433478,248.957587519712,61.5670423986487,0.953826166302235,9.98911235949862e-08,0.926121866083577,TRUE,"yd437x1ewk6plnpdgame-level",1219,9,1,0
"352",159,0.0430508029406759,0.000479248982884218,1.7320629140413,0.00479801892433251,0.711325334333946,0.00229493929210423,6.14703629079423,0.070430097050161,0.770410995984245,9.51094233370142e-08,0.770322180121957,TRUE,"yd478gde5dw43j0kewpn8nj9",12,7,1,0
"353",10000,1.22358481179023e-11,3.01294801770729e-12,3.54122532816591,0.0145649735060087,0.000804975889946193,0.085324935099193,1206.48690323542,119.102666281424,0.892285903418507,1.01376287264809e-06,0.859971674444059,FALSE,"yd478gdendx9vv5dgame-level",1665,8,3,2
"354",1744,0.0156303432406129,0.0106343484624759,0.615544307085799,0.0151953075142308,0,0.40980106488861,859.092212768711,1092.83633037582,0.817147147422242,9.98994886813875e-08,0.748577327705583,TRUE,"yd478gderklj86ndgame-level",1178,7,0,1
"355",10000,1.07934566273074e-14,1.09720460592714e-14,4.354064373044,0.0256819133473347,0,0.609638350205548,1613.50585452419,447.000818378233,0.633365592859515,1.51198102695815e-05,0.476236561227878,FALSE,"yd478gdexd11nz7dgame-level",1824,4,3,3
"356",3,0.00107368645219462,0.000722012970548787,1.00042008495884,0.0163868916940503,0,0.271395459445794,928.700687024976,728.209792635005,0.850265618758512,0,0.786093741083589,TRUE,"yd478gdezd3vpoe2game-level",1824,7,1,1
"357",7742,1.12657622170468e-07,8.06459611605028e-09,2.43575456405411,0.00885913178685504,0.557164252993731,0.00593254427542801,712.20077645852,37.9454622092497,0.987474554645923,9.99640515919609e-08,0.982777512638145,TRUE,"yd48w56ejdrp8mg2game-level",3379,9,2,1
"358",10000,9.34386287535363e-07,6.21119238102695e-06,1.86390554471127,0.0106493339496114,0,5.61018699035092,1717.35480115146,6197.78288344473,0.74038539580043,8.00132336098436e-06,0.629121994000614,FALSE,"yd48w56ew20z8o5dldye50kw",968,6,1,3
"359",10000,5.60153816687576e-06,0.00177805426699145,1.49100279902608,0.0308542063756329,0,290.349445749473,3328.55262036097,709180.714822033,0.276936625057247,9.18841993158281e-07,-0.156901399908405,FALSE,"yd48w56ewk6e8oq2game-level",1048,-1,1,6
"360",44,0.172593370061008,0.0717744579957948,0.763216212815858,0.179384200238084,0.792926485920808,0.0163996514210076,9.99275224288093,10.8511238954891,0.775412641591807,8.1667810958308e-08,0.640660226546891,TRUE,"yd4jl5devdo4gwv2game-level",1950,6,0,0
"361",52,0.186795661844048,0.0368340542288582,0.781458299574196,0.0710758499494195,0.0921104593534491,0.0402297072805398,8.55858392706239,3.83086050864347,0.919782780520392,8.85393959260128e-08,0.871652448832627,TRUE,"yd4jl5dez27ryg4dgame-level",1910,8,0,0
"362",8359,2.50288539861414e-11,1.34188631419525e-11,3.76866178373668,0.0264551454107395,0,0.322317637237246,650.254205222139,122.072990236148,0.782884624420666,9.97013746006914e-08,0.689835177743809,TRUE,"yd4o0qw17kj14mzkgame-level",754,6,3,1
"363",55,0.0892799966601358,0.0131751011308053,1.02093851567786,0.0505517519843789,0.413423111921971,0.00798894471843783,10.6592527870015,2.78971512441238,0.937478939696886,9.40538703586569e-08,0.926445811408101,TRUE,"yd4o0z517kjqzegdgame-level",1121,9,1,0
"364",225,0.0100601884955644,0.00206873517715426,1.25884455081786,0.0470101813431413,0,0.0429948115179543,38.6089747764953,11.5745170635847,0.977158280233504,8.57502772122487e-08,0.963453248373607,TRUE,"yd4o0z51wkp3qqw2game-level",309,9,1,0
"365",65,0.161158054477383,0.02290803979765,1.36160340633069,0.0927834453447565,0.612593356594459,0.0142208182324034,3.82134730586491,0.748024018660432,0.948213699542567,9.21145406618251e-08,0.922320549313851,TRUE,"yd4o4yx1z274gy5269z8y069",348,9,1,0
"366",520,0.0530959788348149,0.0200812292040487,3.79342884035116,0.438464541139517,0.486857337296969,0.0617053660688497,2.1681597790298,0.410106024290113,0.639359611702907,9.96394011743007e-08,0.484799445289867,TRUE,"yd4o4yx1z274gy52yweqrpqw",30,4,3,0
"367",6840,0.0106779698594379,0.00451423861616295,3.01097187319326,0.236755503791077,0.491974602111871,0.0273130492563954,4.51622666921828,1.16950914885837,0.862753776260295,9.99884829377962e-08,0.780406042016471,TRUE,"yd4okqp1jdzv8n6kgame-level",1341,7,3,0
"368",6440,0.00016596813307324,2.93851495471345e-05,1.31324837347508,0.00621977484920399,0.2369119879481,0.0582216774468084,755.683562418549,125.60232078445,0.988268872901126,9.99454330408156e-08,0.983241247001609,TRUE,"yd4or2x15dw4j5lkgame-level",1253,9,1,1
"369",508,0.0505732923897192,0.00714169072037275,0.705173128357577,0.0128529617630249,0.191435963212909,0.0471629188166838,68.8586104888065,19.1008011956545,0.976566123920917,9.93816446914764e-08,0.966523034172738,TRUE,"yd4ovvg15dwg1nlkkwj3v50d",336,9,0,0
"370",1368,0.00379172474663275,0.00020657201557974,2.0320720575509,0.0128958584332873,0.00930300653430191,0.00330722780811399,15.5408607830165,0.687223798015308,0.998922674544137,9.99976346172105e-08,0.998563566058849,TRUE,"yd4ovvg19d849y7kgame-level",322,9,2,0
"371",545,0.0124137547623291,0.00152290190919872,1.37459439383741,0.0274923652186731,0.0941113889316134,0.00835109905993865,24.3591030264348,3.72953309342068,0.991538937854711,9.98679706709638e-08,0.988366039550227,TRUE,"yd4ovvg19kv7jy8kkwj3v50d",812,9,1,0
"372",442,0.0893170688479758,0.0439121373054617,0.443128285121715,0.0203350320487928,0,0.2499927112989,233.028051808971,316.83312187698,0.868554195264493,9.90705480985454e-08,0.819262018488678,TRUE,"yd4ovvg19kv7jy8ky9myz2z9",798,8,0,0
"373",338,0.0293563982687225,0.00474505987784985,0.677268434446966,0.0134839448224969,0,0.0526930325323213,183.006546197866,62.6572541390304,0.922832734808308,9.72531932763587e-08,0.909214982127421,TRUE,"yd4ovvg19kv7jy8kz98m63lw",881,9,0,0
"374",10000,1.17648784342107e-12,9.215964859987e-14,3.99871811443886,0.00882373065593391,0.0952888259467971,0.0173617526841662,962.297160385836,33.4379387760812,0.980319390232693,2.76058797399337e-06,0.973759186976924,FALSE,"yd4ovvg19kv7jyokgame-level",1848,9,3,1
"375",705,0.0964382300357495,0.0356340157119223,0.476289776431806,0.0143379378520408,0.153851017379931,0.126628831693845,135.716264054473,125.349561397549,0.930066701010307,9.91557553842171e-08,0.888106721616492,TRUE,"yd4ovvg1mke4xy62kwj3v50d",767,8,0,0
"376",299,0.0585366962440579,0.00848634076596743,0.694852169084978,0.0250386474979674,0.0201233092010862,0.0319498976106567,59.4103218386184,21.1395490360231,0.942507594014189,9.71462021936986e-08,0.923343458685585,TRUE,"yd4ovvg1mke4xy62z98m63lw",709,9,0,0
"377",551,0.0188948641901607,0.000901143096554038,1.44299881343925,0.0159182986057016,0.0535410205412664,0.00580144989917352,15.6493369242341,0.992043317299389,0.99754984943704,9.96421930521407e-08,0.99632477415556,TRUE,"yd4ovvg1n2yolnmdgame-level",506,9,1,0
"378",2315,2.76067294806199e-05,1.60229993219421e-06,2.04668359161701,0.00898386506173339,0.0611045406195809,0.0127900356843688,168.849080665727,8.58965724807411,0.980173127175305,9.98078094616162e-08,0.976868648371189,TRUE,"yd4ovvg1ndx9l1jdgame-level",772,9,2,0
"379",10000,2.97445087081725e-16,4.26275936855174e-17,10.596299102364,0.0397139160659268,0.0522991730376794,0.0240488145527246,29.193390375203,0.763990466437463,0.957745839784019,2.26196942310075e-06,0.947994879734177,FALSE,"yd4ovvg1w20gmyzkgame-level",648,9,3,0
"380",242,0.00441356711917998,0.000446986757381779,6.24327970919783,0.0872260504413539,0.0133845351605652,0.00170942290554705,2.38363233142895,0.06759331590338,0.9994555859139,9.87367648752624e-08,0.999307109344964,TRUE,"yd4ovvg1xd1gpjrdgame-level",372,9,3,0
"381",9500,1.8136132481133e-05,3.54091455912541e-06,2.16905872924381,0.0301307595207314,0.0722972729717486,0.0342473275193527,153.444257984841,24.5404533819189,0.929092161952956,9.99852565186643e-08,0.907819810538842,TRUE,"yd4ovvg1zdn07092game-level",642,9,2,0
"382",769,0.000556146664156854,0.000136225430191098,1.4017414244342,0.017867532745801,0,0.0822830251005486,209.882636933396,50.9792635670814,0.961250044355718,9.17035920533493e-08,0.941875066533578,TRUE,"yd4ovvg1zdnlyne2game-level",423,9,1,0
"383",10000,1.03356873728704e-14,2.20887714839727e-15,4.51272108175275,0.0236645137438181,0.40188427555861,0.0412587077808,1256.50302467585,106.525539067667,0.953137305027739,3.54707574390378e-06,0.925019688044383,FALSE,"yo1yq2dql9kvoo2ggame-level",2038,9,3,2
"384",1811,0.00680011545107389,0.00242885692534794,0.791184051140924,0.0180784379065221,0.18749722283678,0.134209236526236,548.964479811018,326.955579306053,0.831488148569148,9.97578211148209e-08,0.775317531425531,TRUE,"yo1yq2dqnxd1l7k8game-level",2594,7,0,1
"385",1682,0.000341260576660695,0.000211855195637541,0.91538167176841,0.00386312773926254,0,0.511802141820668,6129.10539936487,4382.26703879029,0.96176774390169,9.97316887962896e-08,0.952209679877112,TRUE,"yo1yv1q54xk906k0game-level",2599,9,0,-1
"386",2,0.000942817894231298,0.000153818910571551,1.00003013250432,0.00827445596641603,0.536181171255842,0.0323654025694777,1060.42758865907,234.126298301394,0.971901123560007,4.64966228852504e-08,0.955041797696011,TRUE,"yo1yv1q5vdo46qy2game-level",2412,9,1,2
"387",10000,0.00703455692058252,0.00670162700587064,0.63754203244382,0.00896755587293088,0.716197320077129,0.161368525694683,2380.46005454171,3817.42899760283,0.883643748279293,1.03258452344157e-07,0.825465622418939,FALSE,"yo1yv1q5xk9g1w6dgame-level",2448,8,0,4
"388",3371,0.0187182618818505,0.00553675237173667,0.51012245910019,0.00447309084413216,0.427119626199097,0.115691576403097,2437.25752341765,1579.91034133312,0.981044980552366,9.99024363235179e-08,0.969671968883785,TRUE,"yo1yv1q5xk9l5yk0game-level",2124,9,0,4
